ID,Settlement,Architectural/Urban Remains,Ethnicity_A1,Ethnicity_A2,Ethnicity_B1,Ethnicity_B2,Ethnicity_C1,Ethnicity_C2,Start Date,End Date,Roman Province 1,Roman Province 2,Legal Status A,Legal Status B,Legal Status C,Via,Conventus,Mint,Excavated,Modern Place,Modern Region,Modern Province,Pleiades URI,IAPH,TM URI,Wikipedia,,,
1,Abdera,,Phoenician,Phoenician,,,Roman republican,Roman,-750,640,,Baetica,Civitas,,,,Conventus Gaditanus,VERDADERO,VERDADERO,Adra,Almeria,Andalucía,https://pleiades.stoa.org/places/265762,,http://www.trismegistos.org/place/25860,https://es.wikipedia.org/wiki/Anexo:Poblaciones_romanas_de_la_B%C3%A9tica,,,
2,Abra,,Turdetani?,Iberian,,,Roman republican,Roman,-330,300,,Baetica,Opiddum de Tosiria?,,,,Conventus Cordubensis,VERDADERO,VERDADERO,Torredonjimeno,Jaén,Andalucía,https://pleiades.stoa.org/places/265764,,,https://es.wikipedia.org/wiki/Anexo:Poblaciones_romanas_de_la_B%C3%A9tica,,,
3,Acci,Dinastic Temple with corinthian chapitel; termaet aqueductt theatret slewers,Roman,Roman,,,,,-330,300,Ulterior,Tarraconensis,Colonia Iulia Gemelia 45BCE,,,,Comventus Carthaginensis?,VERDADERO,VERDADERO,Guadix,Granada,Andalucía,https://pleiades.stoa.org/places/265765,http://www.iaph.es/patrimonio-inmueble-andalucia/resumen.do?id=i196957,https://www.trismegistos.org/place/26586,https://en.wikipedia.org/wiki/Guadix,,,
4,Acinipo,Necropoleis; theatre,Oretani?,Iberian,,,Roman republican,Roman,-330,300,,Baetica,Municipium FLavium,,,,Conventus Gaditanus,VERDADERO,VERDADERO,Ronda la Vieja,Malaga,Andalucía,https://pleiades.stoa.org/places/255950,http://www.iaph.es/patrimonio-inmueble-andalucia/resumen.do?id=i3810,http://www.trismegistos.org/place/26423,https://es.wikipedia.org/wiki/Acinipo,,,
5,Ad Aras,,,,,,,,-30,640,,Baetica,Mansio,,,,Conventus Astigitanus/border,FALSO,,La Carlota,Cordoba,Andalucía,https://pleiades.stoa.org/places/265767,,http://www.trismegistos.org/place/33203,https://es.wikipedia.org/wiki/Anexo:Poblaciones_romanas_de_la_B%C3%A9tica,,,
6,Ad Decumo 1,,,,,,,,,,,Baetica,Mansio,,,,,FALSO,,Ponte Mocho,Córdoba,Andalucía,,,,https://es.wikipedia.org/wiki/Anexo:Poblaciones_romanas_de_la_B%C3%A9tica,,,
7,Ad Decumo 2,,,,,,,,,,,Baetica,Mansio,,,,,FALSO,,Entre Puente de Alcolea / Villafranca,Córdoba,Andalucía,,,,https://es.wikipedia.org/wiki/Anexo:Poblaciones_romanas_de_la_B%C3%A9tica,,,
8,Ad Gemellas,,,,,,,,-30,640,,Baetica,Mansio,,,,Conventus Astigitanus,FALSO,,Benameji,Córdoba,Andalucía,https://pleiades.stoa.org/places/265771,,http://www.trismegistos.org/place/40883,https://es.wikipedia.org/wiki/Anexo:Poblaciones_romanas_de_la_B%C3%A9tica,,,
9,Ad Herculem,,,,,,,,-30,640,,Baetica,Mansio,,,,Conventus Gaditanus,FALSO,,Isla Sancti Petri,Cadiz,Andalucía,https://pleiades.stoa.org/places/255953,,http://www.trismegistos.org/place/40881,https://es.wikipedia.org/wiki/Anexo:Poblaciones_romanas_de_la_B%C3%A9tica,,,
10,Ad Lucos,,,,,,,,-330,640,,Baetica,Municipium,,,,Conventus Cordubensis,FALSO,,Montoro/ Epora,Cordoba,Andalucía,https://pleiades.stoa.org/places/265773,,http://www.trismegistos.org/place/26047,https://es.wikipedia.org/wiki/Anexo:Poblaciones_romanas_de_la_B%C3%A9tica,,,
11,Ad Noulas,,,,,,,,,,,Baetica,Mansio,,,,,FALSO,,Entre Andujar / Bailén,Jaén,Andalucía,http://data.open.ac.uk/paula/place/ad_Noulas,,,https://es.wikipedia.org/wiki/Anexo:Poblaciones_romanas_de_la_B%C3%A9tica,,,
12,Ad Pontem,,,,,,,,-30,640,,Baetica,Mansio,,,,Conventus Gaditanus,FALSO,,in the island of San Fernando,,Andalucía,http://pleiades.stoa.org/places/255954,,http://www.trismegistos.org/place/40882,https://es.wikipedia.org/wiki/Anexo:Poblaciones_romanas_de_la_B%C3%A9tica,,,
13,Ad Rubras,,,,,,,,-30,640,,Baetica,Mansio,,,,Conventus Hispalensis?,FALSO,,Aljaraque/ Tharsis,Huelva,Andalucía,https://pleiades.stoa.org/places/255956,,http://www.trismegistos.org/place/40928,https://es.wikipedia.org/wiki/Anexo:Poblaciones_romanas_de_la_B%C3%A9tica,,,
14,Adamuz,,,,,,,,-330,300,,Baetica,,,,,Conventus Cordubensis,FALSO,,Adamuz,Córdoba,Andalucía,http://www.geonames.org/2522438/adamuz.html,,http://www.trismegistos.org/place/26009,https://es.wikipedia.org/wiki/Adamuz#Historia,,,
15,Agatucci,,,,,,,,-330,640,,Baetica,Municipium,,,,Conventus Astigitanus,FALSO,,Alicun de Ortega,Granada,Andalucía,https://pleiades.stoa.org/places/265784,,http://www.trismegistos.org/place/26085,https://es.wikipedia.org/wiki/Alic%C3%BAn_de_Ortega,,,
16,Aipora,,Celtic,Celtic,Roman republican,Roman,,,-30,640,,Baetica,Municipium,,,,Conventus Cordubensis,VERDADERO,,Montoro/ Epora,Córdoba,Andalucía,https://pleiades.stoa.org/places/265893,,,https://es.wikipedia.org/wiki/Montoro,,,
17,Aiungi,,,,,,,,-330,300,,Baetica,Res Publica (municipium or colonia),,,,Conventus Astigitanus,FALSO,,Alcaudete (Finca del Estanquillo),Jaén,Andalucía,https://pleiades.stoa.org/places/265785,,http://www.trismegistos.org/place/43525,https://es.wikipedia.org/wiki/Alcaudete,,,
18,Alba,Necropoleis; mausoleum,Bastetani,Iberian,Roman republican,Roman,,,-30,640,Ulterior,,Mansio,Stipendiary city,Municipium,Castulo-Málaga,Conventus Astigitanus,VERDADERO,VERDADERO,Abla,Almería,Andalucía,https://pleiades.stoa.org/places/265763,http://www.iaph.es/patrimonio-inmueble-andalucia/resumen.do?id=i2037&ids=40010024,https://www.trismegistos.org/place/26567,https://es.wikipedia.org/wiki/Mausoleo_romano_de_Abla,,,
19,Albus Portus,,Phoenician,Phoenician,,,,,-30,640,,Baetica,Portus,,,,Conventus Gaditanus,FALSO,,Algeciras?,Cádiz,Andalucía,https://pleiades.stoa.org/places/255964,,https://www.trismegistos.org/place/40879,https://es.wikipedia.org/wiki/Portus_Albus,,,
20,Anticaria,,Punic,Punic,Iberian,Iberian,Roman republican,Roman,-30,640,,Baetica,Municipium,,,,Conventus Astigitanus,FALSO,,Antequera,Maálaga,Andalucía,https://pleiades.stoa.org/places/265799,,https://www.trismegistos.org/place/26172,https://es.wikipedia.org/wiki/Antequera,,,
21,Aratispi,Wall with rectangular bastions; ceramic furnace,Punic,Punic,Roman republican,Roman,,,-30,640,,Baetica,Municipium,,,,Conventus Astigitanus,FALSO,VERDADERO,Near Anticaria (Antequera),Málaga,Andalucía,https://pleiades.stoa.org/places/265801,http://www.iaph.es/patrimonio-inmueble-andalucia/resumen.do?id=i3890,http://www.trismegistos.org/place/26435,https://es.wikipedia.org/wiki/Aratispi,,,
22,Arsa,,,,,,,,-330,640,,Baetica,Municipium flavium,Colonia cesariana,,,Conventus Cordubensis,VERDADERO,,Gadeira (near),Cádiz,Andalucía,https://pleiades.stoa.org/places/256159,,http://www.trismegistos.org/place/50608,https://es.wikipedia.org/wiki/Anexo:Poblaciones_romanas_de_la_B%C3%A9tica,,,
23,Artigi,,,,,,,,-330,640,,Baetica,Mansio,,,,Conventus Cordubensis?,FALSO,,Castuera,Badajoz,Extremadura,https://pleiades.stoa.org/places/255990,,http://www.trismegistos.org/place/26436,https://es.wikipedia.org/wiki/Castuera,,,
24,Arucci,,Celtic,Celtic,Roman republican,Roman,,,-30,640,,Baetica,Estipendiaria,,,,Conventus Hispalensis,FALSO,VERDADERO,Aroche,Huelva,Andalucía,https://pleiades.stoa.org/places/255991,http://www.iaph.es/patrimonio-inmueble-andalucia/resumen.do?id=i2138,http://www.trismegistos.org/place/26108,https://es.wikipedia.org/wiki/Turobriga,,,
25,Arunda,,Celtic,Celtic,Roman republican,Roman,,,-30,300,,Baetica,Oppida,,,,Conventus Gaditanus,FALSO,,Ronda,Malaga,Andalucía,https://pleiades.stoa.org/places/255992,,http://www.trismegistos.org/place/26187,https://es.wikipedia.org/wiki/Anexo:Poblaciones_romanas_de_la_B%C3%A9tica,,,
26,Arva,columns with Corinthian capitals; mural painting; Roman thermal infrastructures; swimming pools,Iberian,Iberian,Punic,Punic,Roman republican,Roman,-30,300,,Baetica,Municipium,,,,Conventus Hispalensis,FALSO,VERDADERO,Alcolea del Rio,Seville,Andalucía,https://pleiades.stoa.org/places/255993,http://www.iaph.es/patrimonio-inmueble-andalucia/resumen.do?id=i6853,http://www.trismegistos.org/place/38506,https://es.wikipedia.org/wiki/Anexo:Poblaciones_romanas_de_la_B%C3%A9tica,,,
27,Asido,Roman sewers,Turdetani,Iberian,Roman republican,Roman,,,-330,640,,Baetica,Municipium,Colonia,,,Conventus Gaditanus,VERDADERO,VERDADERO,Medina Sidonia,Cádiz,Andalucía,https://pleiades.stoa.org/places/255994,http://www.iaph.es/patrimonio-inmueble-andalucia/resumen.do?id=i6744,http://www.trismegistos.org/place/25994,https://es.wikipedia.org/wiki/Conjunto_Arqueol%C3%B3gico_Romano_de_Medina-Sidonia,,,
28,Asta Regia,stucco fragments,Phoenician,Phoenician,Punic,Punic,Roman republican,Roman,-750,640,Ulterior,Baetica,Colonia Augusta Firma,,,,Conventus Gaditanus,VERDADERO,VERDADERO,Mesas de Hasta,Cádiz,Andalucía,https://pleiades.stoa.org/places/256193,http://www.iaph.es/patrimonio-inmueble-andalucia/resumen.do?id=i6681,http://www.trismegistos.org/place/25992,https://es.wikipedia.org/wiki/Asta_Regia,,,
29,Astigi,,Turdetani,Iberian,Roman republican,Roman,,,-330,640,,Baetica,Colonia Augusta firma,,,,Conventus Astigitanus,FALSO,VERDADERO,Écija,Seville,Andalucía,https://pleiades.stoa.org/places/255996,http://www.iaph.es/patrimonio-inmueble-andalucia/resumen.do?id=i7254&ids=410390116,http://www.trismegistos.org/place/26218,https://es.wikipedia.org/wiki/Astigi,,,
30,Ategua,,Turdetani,Iberian,Roman republican,Roman,,,-330,300,Ulterior,Baetica,Municipium,,,,Conventus Astigitanus,FALSO,VERDADERO,Cortijo de los Castillejos de Teba,Córdoba,Andalucía,https://pleiades.stoa.org/places/265808,http://www.iaph.es/patrimonio-inmueble-andalucia/resumen.do?id=i2768,http://www.trismegistos.org/place/26029,https://es.wikipedia.org/wiki/Ategua,,,
31,Aurgi,,Iberian,Iberian,Roman republican,Roman,,,-330,640,,Baetica,Municipium Flavium,,,,Conventus Astigitanus,FALSO,VERDADERO,Jaen,Jaen,Andalucía,https://pleiades.stoa.org/places/265810,http://www.iaph.es/patrimonio-inmueble-andalucia/resumen.do?id=i5861,http://www.trismegistos.org/place/19965,https://es.wikipedia.org/wiki/Historia_de_Ja%C3%A9n,,,
32,Axati,,Phoenician,Phoenician,Iberian,Iberian,Roman republican,Roman,-30,300,,Baetica,Municipium Flavium,,,,Conventus Hispalensis,FALSO,,Lora del Río,Sevilla,Andalucía,https://pleiades.stoa.org/places/256002,http://www.iaph.es/patrimonio-inmueble-andalucia/resumen.do?id=i7194,http://www.trismegistos.org/place/26229,https://es.wikipedia.org/wiki/Lora_del_R%C3%ADo,,,
33,Baedro,,,,,,,,-30,300,,Baetica,Municipium,,,,Conventus Cordubensis,FALSO,,Belalcázar,Córdoba,Andalucía,https://pleiades.stoa.org/places/256004,,http://www.trismegistos.org/place/26018,https://es.wikipedia.org/wiki/Anexo:Poblaciones_romanas_de_la_B%C3%A9tica,,,
34,Baesuri,,,,,,,,-30,640,,Lusitania,Oppida?,,,,Conventus Pacensis,VERDADERO,,Castro Marim,Portugal,Portugal,https://pleiades.stoa.org/places/256008,,http://www.trismegistos.org/place/25812,https://es.wikipedia.org/wiki/Castro_Marim,,,
35,Baicipo (Baesippo),,Turdetani-Turduli,Iberian,Roman republican,Roman,,,-30,640,,Baetica,Stipendiary,,,,Conventus Gaditanus,VERDADERO,VERDADERO,Barbate,Cádiz,Andalucía,https://pleiades.stoa.org/places/256007,http://www.iaph.es/patrimonio-inmueble-andalucia/resumen.do?id=i6799&ids=110070011,http://www.trismegistos.org/place/26007,https://es.wikipedia.org/wiki/Baesippo,,,
36,Bailo (Baelo Claudia),Rectilinear streets; macellum; baths; forum; temples; basilica; aqueduct,Punic,Punic,Roman republican,Roman,,,-330,640,,Baetica,Municipium (Claudio),,,,Conventus Gaditanus,VERDADERO,VERDADERO,Bolonia-Tarifa,Cádiz,Andalucía,https://pleiades.stoa.org/places/256005,http://www.iaph.es/patrimonio-inmueble-andalucia/resumen.do?id=i7961&ids=110350037,http://www.trismegistos.org/place/26005,https://es.wikipedia.org/wiki/Baelo_Claudia,,,
37,Balleia,,Turduli,Iberian,Roman republican,Roman,,,,,,Baetica,,,,,,VERDADERO,,,Badajoz,Extremadura,no info,,,https://es.wikipedia.org/wiki/Anexo:Poblaciones_romanas_de_la_B%C3%A9tica,,,
38,Balsa,,Turdetani,Iberian,Roman republican,Roman,,,-30,640,,Lusitania,Stipendiary oppida,,,,Conventus Pacensis,VERDADERO,,Tavira Algarve,Portugal,Algarve,https://pleiades.stoa.org/places/256013,,,https://en.wikipedia.org/wiki/Balsa_(Roman_town),,,
39,Barba,,,,Roman republican,Roman,,,-30,640,,Baetica,Municipium pagus,,,,Conventus Astigitanus,FALSO,,Noroeste de Campillos,Málaga,Andalucía,https://pleiades.stoa.org/places/256453,,http://www.trismegistos.org/place/26611,https://es.wikipedia.org/wiki/El_Viso,,,
40,Barbariana Barbesula,,Punic,Punic,Roman republican,Roman,,,-30,640,,Baetica,,,,,Conventus Gaditanus,FALSO,VERDADERO,"Desembocadura del Guadiaro, San Roque",Cádiz,Andalucía,https://pleiades.stoa.org/places/256017,http://www.iaph.es/patrimonio-inmueble-andalucia/resumen.do?id=i7971,http://www.trismegistos.org/place/26403,https://es.wikipedia.org/wiki/Barbesula,,,
41,Baria,,Phoenician,Phoenician,Punic,Punic,Roman republican,Roman,-550,640,Ulterior,Tarraconensis,Oppidum,,,,Conventus Carthaginensis,VERDADERO,VERDADERO,Villaricos,Almeria,Andalucía,https://pleiades.stoa.org/places/265820,http://www.iaph.es/patrimonio-inmueble-andalucia/resumen.do?id=i23529,http://www.trismegistos.org/place/26581,https://es.wikipedia.org/wiki/Villaricos,,,
42,Basilippo,,Iberian,Iberian,Punic,Punic,Roman republican,Roman,-30,640,,Baetica,Oppidum,,,,Conventus Hispalensis,FALSO,VERDADERO,«Cerro del Cincho»/ Carmona,Sevilla,Andalucía,https://pleiades.stoa.org/places/256020,http://www.iaph.es/patrimonio-inmueble-andalucia/resumen.do?id=i7369,http://www.trismegistos.org/place/26200,https://es.wikipedia.org/wiki/Anexo:Poblaciones_romanas_de_la_B%C3%A9tica,,,
43,Basti,Temple above podium; termae; hypocastum,Bastetani,Iberian,Roman republican,Roman,,,-330,640,,Baetica,Oppidum,"Civitas stipendiaria (Pliny, III, 25).",,,Conventus Hispalensis,FALSO,VERDADERO,"Cerro Cepero, Baza",Granada,Andalucía,https://pleiades.stoa.org/places/265823,http://www.iaph.es/patrimonio-inmueble-andalucia/resumen.do?id=i3212&ids=180230023,http://www.trismegistos.org/place/26582,https://es.wikipedia.org/wiki/Ciudad_iberorromana_de_Basti,,,
44,Batora,,,,,,,,-30,300,,Baetica,Oppidum,,,,Conventus Cordubensis,FALSO,,Avenzalá,Jaén,Andalucía,https://pleiades.stoa.org/places/265825,,http://www.trismegistos.org/place/26163,https://es.wikipedia.org/wiki/Anexo:Poblaciones_romanas_de_la_B%C3%A9tica,,,
45,Bora,,Iberian,Iberian,Roman republican,Roman,,,-330,300,,Baetica,Oppidum,,,,,VERDADERO,,Cerro San cristobal,Málaga,Andalucía,https://pleiades.stoa.org/places/265829,http://www.iaph.es/patrimonio-inmueble-andalucia/resumen.do?id=i14123&ids=230100002,http://www.trismegistos.org/place/38622,,,,
46,Brutobriga,,Turdetani,Iberian,Lusitanian,Lusitanian,Roman republican,Roman,-330,300,Ulterior,Baetica,,,,,Conventus Cordubensis?,VERDADERO,,Villanueva de la Serena,Extremadura,Badajoz,https://pleiades.stoa.org/places/256032,,,https://es.wikipedia.org/wiki/Villanueva_de_la_Serena,,,
47,Caepionis Turris,,,,,,,,-140,640,,Baetica,Port tower,,,,Conventus Gaditanus,FALSO,,Chipiona,Cadiz,Andalucía,https://pleiades.stoa.org/places/256038,,http://www.trismegistos.org/place/25988,https://en.wikipedia.org/wiki/Chipiona_Lighthouse,,,
48,Caetaria,,Roman,Roman,Roman republican,Roman,,,-30,640,,Baetica,Salting factory,,,,Conventus Gaditanus,FALSO,,Poblado de Getares/ Algeciras,Cadiz,Andalucía,https://pleiades.stoa.org/places/256103,,,https://es.wikipedia.org/wiki/Caetaria,,,
49,Calecula,,Turdetani?,Iberian,Roman republican,Roman,,,-30,300,,Baetica,Municipium,,,,Conventus Astigitanus,FALSO,,Daragoleja/ Pinos Puente,Granada,Andalucía,https://pleiades.stoa.org/places/265835,,http://www.trismegistos.org/place/26439,https://es.wikipedia.org/wiki/Anexo:Poblaciones_romanas_de_la_B%C3%A9tica,,,
50,Callet,,,,,,,,-330,300,,Baetica,,,,,Conventus Hispalensis,VERDADERO,,Sierra de Montellano Tajo / Cortijo de Moguerejo,,Andalucía,https://pleiades.stoa.org/places/256043,,http://www.trismegistos.org/place/26584,https://es.wikipedia.org/wiki/Historia_de_Gibraltar,,,
51,Calpe,,,,,,,,-750,640,,Baetica,Municipium,,,,Conventus Gaditanus,FALSO,,Gibraltar,Cádiz,Andalucía,https://pleiades.stoa.org/places/256045,,http://www.trismegistos.org/place/26002,https://en.wikipedia.org/wiki/Rock_of_Gibraltar,,,
52,Calpurniana,,Roman,Roman,,,,,-30,640,,Baetica,,,,,Conventus Cordubensis,FALSO,,Cortijo de Teja/ Bujalance,Córdoba,Andalucía,https://pleiades.stoa.org/places/265836,,http://www.trismegistos.org/place/40870,https://es.wikipedia.org/wiki/Anexo:Poblaciones_romanas_de_la_B%C3%A9tica,,,
53,Canania,,,,,,,,-30,640,,Baetica,Municipium flavium,,,,Conventus Hispalensis,FALSO,,Villanueva del Río,Sevilla,Andalucía,https://pleiades.stoa.org/places/256048,,http://www.trismegistos.org/place/38507,https://es.wikipedia.org/wiki/Anexo:Poblaciones_romanas_de_la_B%C3%A9tica,,,
54,Cantigi,,,,,,,,-330,300,,Baetica,Oppidum,,,,Conventus Astigitanus/border,FALSO,,Cerro de la Plaza de Armas,Jaén,Andalucía,https://pleiades.stoa.org/places/265839,,https://www.trismegistos.org/place/26145,https://es.wikipedia.org/wiki/Oppidum_%C3%ADbero_de_Puente_Tablas,,,
55,Carbula,,,,,,,,-330,300,,Baetica,Municipium pagus,,,,Conventus Cordubensis,VERDADERO,,Almodovar del Rio,Córdoba,Andalucía,https://pleiades.stoa.org/places/256056,,http://www.trismegistos.org/place/26013,https://es.wikipedia.org/wiki/Almod%C3%B3var_del_R%C3%ADo,,,
56,Carissa Aurelia,2 necropoleis; structures,Turdetani,Iberian,Roman republican,Roman,,,-330,300,,Baetica,Civitas Latina (aurelia - Cesar´s mother?),Municipium Cesarianus,,,Conventus Gaditanus,VERDADERO,VERDADERO,Cortijo de Carija/ Bornos,Cádiz,Andalucía,https://pleiades.stoa.org/places/256057,http://www.iaph.es/patrimonio-inmueble-andalucia/resumen.do?id=i6626,http://www.trismegistos.org/place/25986,https://es.wikipedia.org/wiki/Carissa_Aurelia,,,
57,Carmo,,Iberian,Iberian,Punic,Punic,Roman republican,Roman,-750,640,Ulterior,Baetica,Municipium,,,,Conventus Hispalensis,VERDADERO,VERDADERO,Carmona,Sevilla,Andalucía,https://pleiades.stoa.org/places/256058,http://www.iaph.es/patrimonio-inmueble-andalucia/resumen.do?id=i7542&ids=410240090,http://www.trismegistos.org/place/26206,https://en.wikipedia.org/wiki/Carmona/_Spain,,,
58,Carruca,,,,,,,,-330,300,,Baetica,Municipium Flavium,,,,Conventus Astigitanus,FALSO,VERDADERO,Cortijo de los Cosme/ Écija,Sevilla,Andalucía,https://pleiades.stoa.org/places/256062,http://www.iaph.es/patrimonio-inmueble-andalucia/resumen.do?id=i15692,http://www.trismegistos.org/place/26590,https://es.wikipedia.org/wiki/Anexo:Poblaciones_romanas_de_la_B%C3%A9tica,,,
59,Carteia,,Iberian,Iberian,Punic,Punic,Roman republican,Roman,-750,640,,Baetica,Colonia Latina Libertinorum,,,,Conventus Gaditanus,VERDADERO,VERDADERO,San Roque Cortijo del Rocadillo,Sevilla,Andalucía,https://pleiades.stoa.org/places/256063,http://www.iaph.es/patrimonio-inmueble-andalucia/resumen.do?id=i16079,http://www.trismegistos.org/place/26013,https://es.wikipedia.org/wiki/Carteia,,,
60,Cartima,,Punic,Punic,Roman republican,Roman,,,-330,300,,Baetica,Civitas,Municipium,,,Conventus Gaditanus,FALSO,VERDADERO,Cartama/ Málaga,Málaga,Andalucía,https://pleiades.stoa.org/places/265851,http://www.iaph.es/patrimonio-inmueble-andalucia/resumen.do?id=i3004,http://www.trismegistos.org/place/26177,https://es.wikipedia.org/wiki/C%C3%A1rtama,,,
61,Carula,,,,,,,,-550,300,,Baetica,,,,,Conventus Astigitanus,FALSO,,Marchena,Seville,Andalucía,https://pleiades.stoa.org/places/256065,,http://www.trismegistos.org/place/26232,https://es.wikipedia.org/wiki/Anexo:Poblaciones_romanas_de_la_B%C3%A9tica,,,
62,Castra Postumiana,,Oretani,Iberian,Roman republican,Roman,,,-330,-30,,Baetica,Municipium Contributum Ipscense,,,,,FALSO,,(Castro del Río/ Córdoba): véase Ipsca,Córdoba,Andalucía,https://pleiades.stoa.org/places/265853,,http://www.trismegistos.org/place/26610,https://es.wikipedia.org/wiki/Castro_del_R%C3%ADo,,,
63,Castulo/ Kastilo,,Oretani,Iberian,Roman republican,Roman,,,-550,640,Ulterior,Tarraconensis,Civitas foederata,Municipium Castulonense,,,In the border,VERDADERO,VERDADERO,Castulo,Jaén,Andalucía,https://pleiades.stoa.org/places/265855,http://www.iaph.es/patrimonio-inmueble-andalucia/resumen.do?id=i4878&ids=230550053,https://www.trismegistos.org/place/26610,https://en.wikipedia.org/wiki/Castulo,,,
64,Caura,,Phoenician,Phoenician,Roman republican,Roman,,,-330,300,,Baetica,,,,,Conventus Hispalensis,VERDADERO,VERDADERO,(«Cerro de San Juan» Coria del Río/ Sevilla),Seville,Andalucía,https://pleiades.stoa.org/places/256086,http://www.iaph.es/patrimonio-inmueble-andalucia/resumen.do?id=i3245,http://www.trismegistos.org/place/26214,https://es.wikipedia.org/wiki/Anexo:Poblaciones_romanas_de_la_B%C3%A9tica,,,
65,Caviclum,,,,,,,,-30,640,,Baetica,,,,,,FALSO,,(Torrox/ Málaga),Málaga,Andalucía,https://pleiades.stoa.org/places/265857,,http://www.trismegistos.org/place/40876,https://es.wikipedia.org/wiki/Caviclum,,,
66,Celti,Cyclopean building; mosaic; capitals; bases of columns; buildings remains; aqueduct remains,Phoenician,Phoenician,Turdetanian,Iberian,Roman republican,Roman,-330,640,,Baetica,Roman town,,,,Conventus Hispalensis,VERDADERO,VERDADERO,(Peñaflor/ Sevilla),Seville,Andalucía,https://pleiades.stoa.org/places/256089,http://www.iaph.es/patrimonio-inmueble-andalucia/resumen.do?id=i6844,http://www.trismegistos.org/place/26240,https://es.wikipedia.org/wiki/Anexo:Poblaciones_romanas_de_la_B%C3%A9tica,,,
67,Cerit,,,,,,,,,,,,,,,,,VERDADERO,VERDADERO,,,,no info,,,,,,
68,Cilniana,,,,,,,,-30,640,,Baetica,,,,,Conventus Gaditanus,FALSO,,(Estepona/ Málaga),Málaga,Andalucía,https://pleiades.stoa.org/places/256106,,http://www.trismegistos.org/place/40878,https://es.wikipedia.org/wiki/Cilniana,,,
69,Cisimbrium,,Roman republican,Roman,,,,,-330,300,,Baetica,Municipium Flavium,,,,Conventus Astigitanus,,,Zambra/ Lucena/ Córdoba,Córdoba,Andalucía,https://pleiades.stoa.org/places/265867,http://www.iaph.es/patrimonio-inmueble-andalucia/resumen.do?id=i20028&ids=140580007,http://www.trismegistos.org/place/26043,https://es.wikipedia.org/wiki/Zambra_(Espa%C3%B1a),,,
70,Contosolia,,,,,,,,-30,300,,Baetica,,,,,Conventus Cordubensis,FALSO,,(Magacela/ Badajoz),Badajoz,Extremadura,https://pleiades.stoa.org/places/256125,,http://www.trismegistos.org/place/38510,https://es.wikipedia.org/wiki/La_Serena_(Badajoz),,,
71,Contributa,,,,,,,,-30,640,,Baetica,Municpium,,,,Conventus Hispalensis,FALSO,,Fuente de Cantos,Badajoz,Extremadura,https://pleiades.stoa.org/places/256126,,http://www.trismegistos.org/place/26298,https://es.wikipedia.org/wiki/Fuente_de_Cantos,,,
72,Corduba,,Turdetani,Iberian,Roman republican,Roman,,,-330,640,Ulterior,Baetica,Colonia Patricia,,,,Conventus Cordubensis,VERDADERO,VERDADERO,Alcolea de Córdoba,córdoba,Andalucía,https://pleiades.stoa.org/places/256128,http://www.iaph.es/patrimonio-inmueble-andalucia/resumen.do?id=i24051&ids=140210065,http://www.trismegistos.org/place/19895,https://es.wikipedia.org/wiki/Corduba,,,
73,Corticata,,,,,,,,-30,300,,Baetica,,,,,Conventus Cordubensis,FALSO,,Cortegana,Huelva,Andalucía,https://pleiades.stoa.org/places/236445,,http://www.trismegistos.org/place/38980,https://es.wikipedia.org/wiki/Cortegana_(Huelva),,,
74,Cun(v)baria,,,,,,,,-330,640,,Baetica,Municipium Flavium,,,,Conventus Cordubensis,VERDADERO,VERDADERO,(Las Cabezas de San Juan/ Sevilla),Sevilla,Andalucía,https://pleiades.stoa.org/places/256124,,http://www.trismegistos.org/place/26203,https://es.wikipedia.org/wiki/Conobaria,,,
75,Curiga,,,,,,,,-330,640,,Baetica,,,,,Conventus Hispalensis,FALSO,,Monesterio,Badajoz,Andalucía,https://pleiades.stoa.org/places/256147,,http://www.trismegistos.org/place/26300,https://es.wikipedia.org/wiki/Monesterio#Situaci.C3.B3n,,,
76,Detumo Sisipo,,,,,,,,-330,300,,Baetica,,,,,Conventus Cordubensis,VERDADERO,VERDADERO,cerca de Posadas,Córdoba,Andalucía,https://pleiades.stoa.org/places/256149,,https://www.trismegistos.org/place/26052,,,,
77,Ébora,,Roman republican,Roman,,,,,-30,640,,Baetica,,,,,Conventus Gaditanus,VERDADERO,VERDADERO,«Cortijo de Ebora» Sanlúcar de Barrameda,Cádiz,Andalucía,https://pleiades.stoa.org/places/255962,http://www.iaph.es/patrimonio-inmueble-andalucia/resumen.do?id=i7982,https://www.trismegistos.org/place/25797,https://es.wikipedia.org/wiki/%C3%89bora,,,
78,Ebura Cerealis,,,,,,,,-30,300,,Baetica,,,,,Conventus Astigitanus,VERDADERO,,¿Alcalá la Real?,Jaén,Andalucía,https://pleiades.stoa.org/places/265882,,,https://es.wikipedia.org/wiki/Anexo:Poblaciones_romanas_de_la_B%C3%A9tica,,,
79,El Laderón,,Iberian,Iberian,Roman republican,Roman,,,-30,300,,Baetica,,,,,Conventus Astigitanus,FALSO,VERDADERO,Doña Mencía,córdoba,Andalucía,https://pleiades.stoa.org/places/265945,http://www.iaph.es/patrimonio-inmueble-andalucia/resumen.do?id=i6340,http://www.trismegistos.org/place/26030,https://es.wikipedia.org/wiki/Anexo:Poblaciones_romanas_de_la_B%C3%A9tica,,,
80,El Tajo,,,,,,,,-30,300,,Baetica,,,,,Conventus Astigitanus,FALSO,,Cortijo del Tajo,Málaga,Andalucía,https://pleiades.stoa.org/places/256135,,http://www.trismegistos.org/place/38965,https://es.wikipedia.org/wiki/Anexo:Poblaciones_romanas_de_la_B%C3%A9tica,,,
81,Epora,,,,,,,,-330,640,,Baetica,Municipium Foederatum,,,,Conventus Cordubensis,VERDADERO,,Montoro,Córdoba,Andalucía,https://pleiades.stoa.org/places/265893,,http://www.trismegistos.org/place/26047,https://es.wikipedia.org/wiki/Montoro,,,
82,Fodina Aerariae,,,,,,,,-30,300,,Baetica,,,,,Conventus Hispalensis,FALSO,,Minas de Riotinto,Huelva,Andalucía,https://pleiades.stoa.org/places/256170,,http://www.trismegistos.org/place/38997,https://es.wikipedia.org/wiki/Minas_de_Riotinto,,,
83,Fornacis,,,,,,,,,,,Baetica,Oppidum,,,,Conventus Hispalensis,FALSO,,«Cerro Hornachuelos» Ribera del Fresno,Badajoz,Extremadura,https://pleiades.stoa.org/places/256362,,,https://es.wikipedia.org/wiki/Anexo:Poblaciones_romanas_de_la_B%C3%A9tica,,,
84,Fraxinum,,,,,,,,-30,640,,Baetica,,,,,,FALSO,,Los Castellones de Ceal,Jaén,Andalucía,https://pleiades.stoa.org/places/265900,,https://www.trismegistos.org/place/40872,,,,
85,Fuente Alamo,,Roman republican,Roman,,,,,-30,300,,Baetica,Fundation Julio-Claudia (roman villa),,,,Conventus Cordubensis,FALSO,VERDADERO,Fuente Álamo,Córdoba,Andalucía,http://dare.ht.lu.se/places/40005.html,http://www.iaph.es/patrimonio-inmueble-andalucia/resumen.do?id=i20157,,https://cordobapedia.wikanda.es/wiki/Villa_romana_de_Fuente_%C3%81lamo,,,
86,Gades,,Phoenician,Phoenician,Roman republican,Roman,,,-750,640,,Baetica,Civitas foederatum,Municipium,Colonia,,Conventus Gaditanus,VERDADERO,VERDADERO,(Cádiz),Cádiz,Andalucía,https://pleiades.stoa.org/places/256177,http://www.iaph.es/patrimonio-inmueble-andalucia/resumen.do?id=i3471&ids=110120073,http://www.trismegistos.org/place/13580,https://es.wikipedia.org/wiki/Gades,,,
87,Gaditanus Portus,,Phoenician,Phoenician,Roman republican,Roman,,,-330,640,,Baetica,Portus,,,,Conventus Gaditanus,FALSO,,(Cádiz),Cádiz,Andalucía,https://pleiades.stoa.org/places/255955,,www.trismegistos.org/place/25997,https://es.wikipedia.org/wiki/Portus_Gaditanus,,,
88,Hispalis Romula,,Roman republican,Roman,,,,,-750,640,Ulterior,Baetica,Colonia Iulia Romula,,,,Conventus Hispalensis,VERDADERO,VERDADERO,(Sevilla),Sevilla,Andalucía,https://pleiades.stoa.org/places/256210,http://www.iaph.es/patrimonio-inmueble-andalucia/resumen.do?id=i4601&ids=410910002,http://www.trismegistos.org/place/26250,https://en.wikipedia.org/wiki/Seville,,,
89,Igabrum,,,,,,,,-30,640,,Baetica,Municipium Flavium,,,,Conventus Astigitanus,FALSO,,(Cabra/ Córdoba),Córdoba,Andalucía,https://pleiades.stoa.org/places/265919,,http://www.trismegistos.org/place/26022,https://es.wikipedia.org/wiki/Cabra_(C%C3%B3rdoba),,,
90,Iliberri/Iliberris,house; cisterns; roads; temples,Iberian,Iberian,Roman republican,Roman,,,-330,640,,Baetica,Civitas stipendiaria,Municipium,,,Conventus Astigitanus,VERDADERO,VERDADERO,Albaicín,Granada,Andalucía,https://pleiades.stoa.org/places/265921,http://www.iaph.es/patrimonio-inmueble-andalucia/resumen.do?id=i4214&ids=180870225,http://www.trismegistos.org/place/14135,https://es.wikipedia.org/wiki/Il%C3%ADberis,,,
91,Ilipa Magna,,Turdetani,Iberian,Roman republican,Roman,,,-550,640,,Baetica,,,,,Conventus Hispalensis,VERDADERO,,(Alcalá del Río/ Sevilla),Sevilla,Andalucía,https://pleiades.stoa.org/places/256222,,https://www.trismegistos.org/place/26195,https://es.wikipedia.org/wiki/Ilipa,,,
92,Ilipoula/ Ilipla,,Turdetani,Iberian,Roman republican,Roman,,,-550,640,,Baetica,Municipium Flavium,,,,Conventus Hispalensis,VERDADERO,VERDADERO,Niebla,Huelva,Andalucía,https://pleiades.stoa.org/places/256221,http://www.iaph.es/patrimonio-inmueble-andalucia/resumen.do?id=i19783,https://www.trismegistos.org/place/26125,https://es.wikipedia.org/wiki/Niebla_(Espa%C3%B1a),,,
93,Ilipula Minor,,Turdetani,Iberian,Roman republican,Roman,,,-330,300,,Baetica,Municipium Flavium,,,,Conventus Astigitanus,VERDADERO,,(«Cortijo de Repla» Los Corrales/ Sevilla),Sevilla,Andalucía,https://pleiades.stoa.org/places/256224,,https://www.trismegistos.org/place/26216,https://es.wikipedia.org/wiki/Anexo:Poblaciones_romanas_de_la_B%C3%A9tica,,,
94,Iliturgi,,Turduli,Iberian,Punic,Punic,Roman republican,Roman,-330,640,,Baetica,Colonia Forum Iulia,,,,Conventus Cordubensis,VERDADERO,VERDADERO,«Cerro Máquiz» Mengíbar/ Jaén,Jaén,Andalucía,https://pleiades.stoa.org/places/265924,http://www.iaph.es/patrimonio-inmueble-andalucia/resumen.do?id=i13609,https://www.trismegistos.org/place/26158,https://es.wikipedia.org/wiki/Iliturgi,,,
95,Iliturgicola,,,,,,,,-30,300,,Baetica,,,,,Conventus Astigitanus,FALSO,,(Fuente Tójar/ Córdoba),Cordoba,Andalucía,https://pleiades.stoa.org/places/265925,,https://www.trismegistos.org/place/26037,https://es.wikipedia.org/wiki/Anexo:Poblaciones_romanas_de_la_B%C3%A9tica,,,
96,Ilse,,,,,,,,,,,,,,,,,VERDADERO,,,,,no info,,,,,,
97,Ilurco,Termae; buildings; Dinastic temple with chapitel,Iberian,Iberian,Roman republican,Roman,,,-30,300,,Baetica,"Oppidum celeberrimum Plinio (III, 3 10)",Civitas stipendiaria,Municpium Flavium,,Conventus Astigitanus,VERDADERO,VERDADERO,Cerro de los Infantes,Granada,Andalucía,https://pleiades.stoa.org/places/265930,http://www.iaph.es/patrimonio-inmueble-andalucia/resumen.do?id=i14835,https://www.trismegistos.org/place/26095,https://es.wikipedia.org/wiki/Cerro_de_los_Infantes,,,
98,Iluro,,,,,,,,-330,300,,Baetica,,,,,Conventus Gaditanus,FALSO,,Alora,Málaga,Andalucía,https://pleiades.stoa.org/places/256225,,https://www.trismegistos.org/place/26171,https://es.wikipedia.org/wiki/Anexo:Poblaciones_romanas_de_la_B%C3%A9tica,,,
99,Ipagrum,,,,,,,,-330,640,,Baetica,Municipium,,,,Conventus Astigitanus,FALSO,,«Dehesa de los Moriles» Aguilar de la Frontera,Córdoba,Andalucía,https://pleiades.stoa.org/places/256226,,https://www.trismegistos.org/place/26011,https://es.wikipedia.org/wiki/Anexo:Poblaciones_romanas_de_la_B%C3%A9tica,,,
100,Ipolcobulcola,,,,,,,,-30,300,,Baetica,Municipium,,,,Conventus Astigitanus,FALSO,,(Carcabue// Córdoba),Córdoba,Andalucía,https://pleiades.stoa.org/places/265935,,https://www.trismegistos.org/place/26024,https://es.wikipedia.org/wiki/Anexo:Poblaciones_romanas_de_la_B%C3%A9tica,,,
101,Iponoba,,,,,,,,-30,300,,Baetica,Municipium Flavium,,,,Conventus Astigitanus,FALSO,,(«Cerro de Minguillar»/ Baena/ Córdoba),Córdoba,Andalucía,https://pleiades.stoa.org/places/265936,,https://www.trismegistos.org/place/26016,https://es.wikipedia.org/wiki/Iponuba,,,
102,Iporca,,,,,,,,-30,300,,Baetica,Municipium Flavium,,,,Conventus Hispalensis,FALSO,,(Constantina/ Sevilla),Sevilla,Andalucía,https://pleiades.stoa.org/places/256227,,http://www.trismegistos.org/place/26594,https://es.wikipedia.org/wiki/Anexo:Poblaciones_romanas_de_la_B%C3%A9tica,,,
103,Ipsca,,,,,,,,-330,300,,Baetica,Municipium Contributum Ipscense,,,,Conventus Astigitanus,FALSO,,(«Cortijo de Izcar» Baena/ Córdoba),Córdoba,Andalucía,https://pleiades.stoa.org/places/265937,,https://www.trismegistos.org/place/26015,https://es.wikipedia.org/wiki/Anexo:Poblaciones_romanas_de_la_B%C3%A9tica,,,
104,Iptuci,,Turdetani,Iberian,Punic,Punic,Roman republican,Roman,-330,300,,Baetica,Colonia,,,,Conventus Gaditanus,VERDADERO,VERDADERO,Cabezo de Hortales,Cádiz,Andalucía,https://pleiades.stoa.org/places/265938,http://www.iaph.es/patrimonio-inmueble-andalucia/resumen.do?id=i19978,https://www.trismegistos.org/place/25996,https://es.wikipedia.org/wiki/Iptuci,,,
105,Irippo,,,,,,,,-330,300,,Baetica,,,,,Conventus Hispalensis,VERDADERO,,(«Mesa de Gandul»/ Alcalá de Guadaíra/ Sevilla),Sevilla,Andalucía,https://pleiades.stoa.org/places/256229,,,https://es.wikipedia.org/wiki/Gandul_(despoblado),,,
106,Irni,,,,,,,,-30,300,,Baetica,Municipium Flavium,,,,Conventus Hispalensis,FALSO,,(El Saucejo/ Sevilla),Sevilla,Andalucía,https://pleiades.stoa.org/places/256230,,https://www.trismegistos.org/place/26249,https://es.wikipedia.org/wiki/Anexo:Poblaciones_romanas_de_la_B%C3%A9ticahttps://es.wikipedia.org/wiki/El_Saucejo,,,
107,Isturgi,,Turdetani,Iberian,Roman republican,Roman,,,-30,640,,Baetica,Municipium Triunphalis,,,,Conventus Cordubensis,FALSO,VERDADERO,(Los Villares/ Andújar/ Jaén),Jaén,Andalucía,https://pleiades.stoa.org/places/265939,http://www.iaph.es/patrimonio-inmueble-andalucia/resumen.do?id=i6029,https://www.trismegistos.org/place/26135,https://es.wikipedia.org/wiki/And%C3%BAjar,,,
108,Italica,theater; amphitheater; houses; thermal baths; temple; forum,Turdetani,Iberian,Roman republican,Roman,,,-330,640,Ulterior,Baetica,Municipium Civium Romanorum,Colonia Aelia Augusta Itálica.,,,Conventus Hispalensis,VERDADERO,VERDADERO,(Santiponce/ Sevilla),Sevilla,Andalucía,https://pleiades.stoa.org/places/256231,http://www.iaph.es/patrimonio-inmueble-andalucia/resumen.do?id=i4607,https://www.trismegistos.org/place/26248,https://es.wikipedia.org/wiki/It%C3%A1lica,,,
109,Ituci,,,,,,,,-550,640,,Baetica,Colonia Augusta,,,,Conventus Hispalensis,VERDADERO,,Tejada la Nueva,Huelva,Andalucía,https://pleiades.stoa.org/places/256232,,,https://es.wikipedia.org/wiki/Anexo:Poblaciones_romanas_de_la_B%C3%A9tica,,,
110,Ituci Virtus Iulia,,,,,,,,-330,300,,Baetica,Colonia Virtus Iulia,,,,Conventus Astigitanus,FALSO,,(Torreparedones/ Baena?),Córdoba,Andalucía,https://pleiades.stoa.org/places/265938,,https://www.trismegistos.org/place/26017,https://es.wikipedia.org/wiki//acimiento_arqueol%C3%B3gico_de_Torreparedones,,,
111,Iulia Traducta,,,,,,,,-30,640,,Baetica,Colonia Iulia,,,,Conventus Gaditanus,FALSO,,(Algeciras/ Cádiz),Cádiz,Andalucía,https://pleiades.stoa.org/places/256235,,https://www.trismegistos.org/place/25981,https://es.wikipedia.org/wiki/Iulia_Traducta,,,
112,Iulipa,,,,,,,,-330,300,,Baetica,Municipium Flavium,,,,Conventus Cordubensis,FALSO,,(Esparragosa de la Serena/ Badajoz),Badajoz,Extremadura,https://pleiades.stoa.org/places/256236,,https://www.trismegistos.org/place/26333,https://es.wikipedia.org/wiki/Anexo:Poblaciones_romanas_de_la_B%C3%A9tica,,,
113,Lacca,,Roman republican,Roman,,,,,-30,300,,Baetica,,,,,Conventus Gaditanus,FALSO,VERDADERO,Arcos de la Frontera/ Cádiz),Cádiz,Andalucía,https://pleiades.stoa.org/places/256247,http://www.iaph.es/patrimonio-inmueble-andalucia/resumen.do?id=i2086,https://www.trismegistos.org/place/25990,https://es.wikipedia.org/wiki/Anexo:Poblaciones_romanas_de_la_B%C3%A9tica,,,
114,Lacilbula,,Turdetani,Iberian,Roman republican,Roman,,,-330,300,,Baetica,,,,,Conventus Emeritensis,FALSO,VERDADERO,«Cortijo de Clavijo o Peñón de Andita» Grazalema,Cádiz,Andalucía,https://pleiades.stoa.org/places/256107,http://www.iaph.es/patrimonio-inmueble-andalucia/resumen.do?id=i16401,https://www.trismegistos.org/place/26425,https://es.wikipedia.org/wiki/Lacilbula,,,
115,Lacimurga Constantia Iulia,,Phoenician,Phoenician,Roman republican,Roman,,,-30,300,,Baetica,,,,,Conventus Emeritensis,FALSO,VERDADERO,(¿Encinasola/ Huelva?),Huelva,Andalucía,https://pleiades.stoa.org/places/256250,http://www.iaph.es/patrimonio-inmueble-andalucia/resumen.do?id=i12769,https://www.trismegistos.org/place/26425,https://es.wikipedia.org/wiki/Anexo:Poblaciones_romanas_de_la_B%C3%A9tica,,,
116,Lacipo/ Lacippo,Militar settlement;water deposits,Roman republican,Roman,,,,,-330,640,,Baetica,Military camp,Municipium Flavium,,,Conventus Gaditanus,VERDADERO,VERDADERO,(«Cortijo de Alechipe» Casares/ Málaga),Málaga,Andalucía,https://pleiades.stoa.org/places/256252,http://www.iaph.es/patrimonio-inmueble-andalucia/resumen.do?id=i12769,https://www.trismegistos.org/place/26180,https://es.wikipedia.org/wiki/Lacipo,,,
117,Lacunis,,,,,,,,-550,640,,Baetica,,,,,,FALSO,,Cerro de Castillejos,Córdoba,Andalucía,https://pleiades.stoa.org/places/256253,,,,,,
118,Laelia,,,,,,,,-750,640,,Baetica,,,,,Conventus Hispalensis,VERDADERO,,(«Cerro de las Cabezas» Olivares/ Sevilla),Sevilla,Andalucía,https://pleiades.stoa.org/places/256254,,https://www.trismegistos.org/place/26235,https://es.wikipedia.org/wiki/Anexo:Poblaciones_romanas_de_la_B%C3%A9tica,,,
119,Laepia Regia,,,,,,,,,,,Baetica,,,,,Conventus Hispalensis,FALSO,,(Lepe/ Huelva?),Huelva,Andalucía,https://pleiades.stoa.org/places/260584,,,https://es.wikipedia.org/wiki/Anexo:Poblaciones_romanas_de_la_B%C3%A9tica,,,
120,Lascuta,,Punic,Punic,Roman republican,Roman,,,-330,300,,Baetica,,,,,Conventus Gaditanus,VERDADERO,VERDADERO,(Alcalá de los Gazules?/ Cádiz),Cádiz,Andalucía,https://pleiades.stoa.org/places/256258,http://www.iaph.es/patrimonio-inmueble-andalucia/resumen.do?id=i16742,https://www.trismegistos.org/place/25980,https://es.wikipedia.org/wiki/Lascuta,,,
121,Lucis Dubiae Fanum,,,,,,,,,,,Baetica,,,,,Conventus Gaditanus,FALSO,,(Bonanza*/ Sanlúcar de Barrameda/ Cádiz),Cádiz,Andalucía,no info,,,https://es.wikipedia.org/wiki/Bronce_de_Bonanza,,,
122,Lucurgentum,,,,,,,,-30,300,,Baetica,Municipium Gens Iulii,,,,Conventus Hispalensis,FALSO,,(Base Aérea de Morón de la Frontera/ Sevilla),Sevilla,Andalucía,https://pleiades.stoa.org/places/256275,,https://www.trismegistos.org/place/26234,https://es.wikipedia.org/wiki/Anexo:Poblaciones_romanas_de_la_B%C3%A9tica,,,
123,Maenoba,,,,,,,,-550,640,,Baetica,,,,,Conventus Gaditanus,FALSO,,(Torre del Mar/ Málaga),Málaga,Andalucía,https://pleiades.stoa.org/places/265959,,,https://es.wikipedia.org/wiki/Maenoba,,,
124,Malaca,,Phoenician,Phoenician,,,,,-750,640,,Baetica,Civitas foederatum,Municipium Flavium,,,Conventus Gaditanus,VERDADERO,VERDADERO,(Málaga),Málaga,Andalucía,https://pleiades.stoa.org/places/265963,http://www.iaph.es/patrimonio-inmueble-andalucia/resumen.do?id=i23962&ids=290670059,https://www.trismegistos.org/place/26184,https://es.wikipedia.org/wiki/Malaca_(Hispania),,,
125,Mellaria,,Roman republican,Roman,,,,,-30,640,,Baetica,Stipendiary,,,,Conventus Gaditanus,FALSO,VERDADERO,Menralia (Tarifa),Cádiz,Andalucía,https://pleiades.stoa.org/places/256293,http://www.iaph.es/patrimonio-inmueble-andalucia/resumen.do?id=i16074,https://www.trismegistos.org/place/26602,https://es.wikipedia.org/wiki/Mellaria,,,
126,Mellaria,,,,,,,,-30,640,,Baetica,Stipendiary,,,,Conventus Cordubensis,FALSO,,(Belmez/ Córdoba),Cordoba,Andalucía,https://pleiades.stoa.org/places/256292,,https://www.trismegistos.org/place/26035,https://es.wikipedia.org/wiki/Mellaria,,,
127,Mentesa Bastitanorum,,,,,,,,-330,640,,Baetica,,,,,Conventus Astigitanus,FALSO,,(La Guardia/ Jaén),Jaén,Andalucía,https://pleiades.stoa.org/places/265970,,https://www.trismegistos.org/place/26147,https://es.wikipedia.org/wiki/La_Guardia_de_Ja%C3%A9n,,,
128,Mercablum/Mergablum,,,,,,,,-30,640,,Baetica,Mansio,,,Heraclea,Conventus Gaditanus,FALSO,,(Conil de la Frontera/ Cádiz),Cádiz,Andalucía,https://pleiades.stoa.org/places/256295,,https://www.trismegistos.org/place/40880,https://es.wikipedia.org/wiki/Mergablum,,,
129,Miróbriga,,Turduli,Iberian,,,,,-330,640,,Baetica,Municipium Flavium,,,,Conventus Cordubensis,FALSO,,,,Andalucía,https://pleiades.stoa.org/places/256303,,https://www.trismegistos.org/place/26279,https://es.wikipedia.org/wiki/Mir%C3%B3briga,,,
130,Montoro,,,,,,,,-330,300,,Baetica,,,,,Conventus Cordubensis,FALSO,,Andújar (Córdoba),Córdoba,Andalucía,https://pleiades.stoa.org/places/265973,,https://www.trismegistos.org/place/26047,https://es.wikipedia.org/wiki/Montoro,,,
131,Monturque,,,,,,,,-30,300,,Baetica,Oppidum,,,,Conventus Astigitanus,FALSO,,Monturque,Córdoba,Andalucía,https://pleiades.stoa.org/places/265974,,https://www.trismegistos.org/place/26048,https://es.wikipedia.org/wiki/Monturque,,,
132,Munda,,Roman republican,Roman,,,,,-550,-30,Ulterior,Baetica,Colonia?,,,,Conventus Cordubensis,FALSO,VERDADERO,(Monda/ Málaga),Málaga,Andalucía,https://pleiades.stoa.org/places/256314,http://www.iaph.es/patrimonio-inmueble-andalucia/resumen.do?id=i4342,https://www.trismegistos.org/place/42870,https://es.wikipedia.org/wiki/Munda,,,
133,Munigua,,Turdetani,Iberian,Roman republican,Roman,,,-30,300,,Baetica,Municipium,,,,Conventus Hispalensis,FALSO,VERDADERO,(Villanueva del Río / Minas/ Sevilla),Sevilla,Andalucía,https://pleiades.stoa.org/places/256318,http://www.iaph.es/patrimonio-inmueble-andalucia/resumen.do?id=i6840,https://www.trismegistos.org/place/26254,https://es.wikipedia.org/wiki/Munigua,,,
134,Murgi,,Punic,Punic,Roman republican,Roman,,,-30,300,,Baetica,Municipium,,,,Conventus Gaditanus,FALSO,VERDADERO,( El Ejido/ Almería),Almería,Andalucía,http://pleiades.stoa.org/places/265977,http://www.iaph.es/patrimonio-inmueble-andalucia/resumen.do?id=i10335,https://www.trismegistos.org/place/25978,https://es.wikipedia.org/wiki/Anexo:Poblaciones_romanas_de_la_B%C3%A9tica,,,
135,Mvrtili/Mirtiles,,Turdetani,Iberian,Roman republican,Roman,,,-330,640,,Lusitania,,,,,,VERDADERO,,Mértola,Beja,Portugal,https://pleiades.stoa.org/places/256234,,,https://en.wikipedia.org/wiki/Myrtilis_Iulia,,,
136,Nabrissa,,Turdetani,Iberian,Roman republican,Roman,,,-750,640,,Baetica,Municipium Veneria,,,,Conventus Hispalensis,VERDADERO,VERDADERO,(Lebrija/ Sevilla),Sevilla,Andalucía,https://pleiades.stoa.org/places/256322,http://www.iaph.es/patrimonio-inmueble-andalucia/resumen.do?id=i23949,https://www.trismegistos.org/place/26227,https://es.wikipedia.org/wiki/Anexo:Poblaciones_romanas_de_la_B%C3%A9tica,,,
137,Naeva,,Roman republican,Roman,,,,,-330,300,,Baetica,Municipium Flavium,,,,Conventus Hispalensis,FALSO,VERDADERO,(Cantillana/ Sevilla),Sevilla,Andalucía,https://pleiades.stoa.org/places/256323,http://www.iaph.es/patrimonio-inmueble-andalucia/resumen.do?id=i7694,https://www.trismegistos.org/place/26205,https://es.wikipedia.org/wiki/Anexo:Poblaciones_romanas_de_la_B%C3%A9tica,,,
138,Nertobriga Concordia Iulia,,Roman republican,Roman,,,,,-330,300,,Baetica,Oppidum,,,,,FALSO,,"Fregenal de la Sierra, Sierra de Coto",Badajoz,Extremadura,https://pleiades.stoa.org/places/256325,,,https://es.wikipedia.org/wiki/Nertobriga_Concordia_Iulia,,,
139,Nescania,,Roman republican,Roman,,,,,-330,300,,Baetica,Municipium Flavium,,,,Conventus Astigitanus,FALSO,VERDADERO,(Valle de Abdalajís/ Málaga),Málaga,Andalucía,https://pleiades.stoa.org/places/256326,http://www.iaph.es/patrimonio-inmueble-andalucia/resumen.do?id=i6149,https://www.trismegistos.org/place/26191,https://es.wikipedia.org/wiki/Anexo:Poblaciones_romanas_de_la_B%C3%A9tica,,,
140,Oba,,Punic,Punic,Roman republican,Roman,,,-330,300,,Baetica,Municipium Flavium,,,,Conventus Gaditanus,VERDADERO,VERDADERO,(Jimena de la Frontera/ Cádiz),Cádiz,Andalucía,https://pleiades.stoa.org/places/256340,http://www.iaph.es/patrimonio-inmueble-andalucia/resumen.do?id=i6678,,https://es.wikipedia.org/wiki/Oba,,,
141,Obulco,,Turdetani-Turduli,Iberian,Roman republican,Roman,,,-330,300,,Baetica,Municipoium Latio,,,,Conventus Cordubensis,VERDADERO,VERDADERO,(Porcuna/ Jaén),Municipium Pontificiense (Porcuna/ Jaén),Andalucía,https://pleiades.stoa.org/places/265982,http://www.iaph.es/patrimonio-inmueble-andalucia/resumen.do?id=i5554,https://www.trismegistos.org/place/26159,https://es.wikipedia.org/wiki/Porcuna,,,
142,Obúlcula,,Turdetani,Iberian,Roman republican,Roman,,,-330,640,,Baetica,Municipium Flavium,,,,Conventus Astigitanus,FALSO,VERDADERO,Castillo de la Monclova,Sevilla,Andalucía,https://pleiades.stoa.org/places/256332,http://www.iaph.es/patrimonio-inmueble-andalucia/resumen.do?id=i4022,https://www.trismegistos.org/place/26221,https://es.wikipedia.org/wiki/Ob%C3%BAlcula,,,
143,Ocuri,,Turdetani,Iberian,Roman republican,Roman,,,-30,300,,Baetica,Municipium,,,,Conventus Gaditanus,VERDADERO,VERDADERO,"Salto de La Mora, Ubrique",Cadiz,Andalucia,https://pleiades.stoa.org/places/256333,http://www.iaph.es/patrimonio-inmueble-andalucia/resumen.do?id=i7952,https://www.trismegistos.org/place/26006,https://es.wikipedia.org/wiki/Ocuri,,,
144,Ocurri(s),,Iberian,Iberian,Roman republican,Roman,,,-30,300,,Baetica,Municipium,,,,Conventus Gaditanus,FALSO,VERDADERO,(Ubrique/ Cádiz),Cádiz,Andalucía,https://pleiades.stoa.org/places/256333,http://www.iaph.es/patrimonio-inmueble-andalucia/resumen.do?id=i7952,https://www.trismegistos.org/place/26006,https://es.wikipedia.org/wiki/Ocuri,,,
145,Oducia,,,,,,,,-30,300,,Baetica,Municipium Flavium,,,,Conventus Astigitanus,FALSO,,(Mesa del Río/ mun* Lora del Río/ Sevilla),Sevilla,Andalucía,https://pleiades.stoa.org/places/256334,,https://www.trismegistos.org/place/26251,https://es.wikipedia.org/wiki/Anexo:Poblaciones_romanas_de_la_B%C3%A9tica,,,
146,Olaurum,,,,,,,,-330,300,,Baetica,Municipium Flavium,,,,Conventus Astigitanus,FALSO,,(Lora de Estepa/ Sevilla),Sevilla,Andalucía,https://pleiades.stoa.org/places/256261,,https://www.trismegistos.org/place/26228,https://es.wikipedia.org/wiki/Anexo:Poblaciones_romanas_de_la_B%C3%A9tica,,,
147,Olontigi?,,Iberian,Iberian,Punic,Punic,Roman republican,Roman,-330,300,,Baetica,Estipendiaria,,,,Conventus Hispalensis,VERDADERO,VERDADERO,(Aznalcázar/ Sevilla),Sevilla,Andalucía,https://pleiades.stoa.org/places/256339,http://www.iaph.es/patrimonio-inmueble-andalucia/resumen.do?id=i7628,https://www.trismegistos.org/place/26201,https://es.wikipedia.org/wiki/Anexo:Poblaciones_romanas_de_la_B%C3%A9tica,,,
148,Oningi,,,,,,,,,,,Baetica,Estipendiaria,,,,Conventus Astigitanus,FALSO,,Puente Genil,Córdoba,Andalucía,https://pleiades.stoa.org/places/260614,,https://www.trismegistos.org/place/26055,https://es.wikipedia.org/wiki/Anexo:Poblaciones_romanas_de_la_B%C3%A9tica,,,
149,Onuba (Huelva),,Turdetani,Iberian,Roman republican,Roman,,,-330,300,,Baetica,Municipim Civium Romanorum,,,,Conventus Gaditanus,VERDADERO,VERDADERO,(Huelva),Huelva,Andalucía,https://pleiades.stoa.org/places/256346,http://www.iaph.es/patrimonio-inmueble-andalucia/resumen.do?id=i4096,https://www.trismegistos.org/place/26120,https://es.wikipedia.org/wiki/Onoba,,,
150,Oretum,,,,,,,,,,,,,,,,,VERDADERO,,,,,,,,,,,
151,Orippo,,Punic-Numid,Punic-Numid,Iberian,Iberian,Roman republican,Roman,-330,640,,Baetica,Estipendiaria,,,,Conventus Hispalensis,VERDADERO,VERDADERO,(«Torre de los Herberos» Dos Hermanas/ Sevilla),Sevilla,Andalucía,https://pleiades.stoa.org/places/256343,http://www.iaph.es/patrimonio-inmueble-andalucia/resumen.do?id=i4888,https://www.trismegistos.org/place/26217,https://es.wikipedia.org/wiki/Orippo,,,
152,Osca,,,,,,,,,,,,Estipendiaria,,,,Conventus Astigitanus,FALSO,,,,,https://pleiades.stoa.org/places/260615,,,https://es.wikipedia.org/wiki/Anexo:Poblaciones_romanas_de_la_B%C3%A9tica,,,
153,Osqua,,,,,,,,-330,300,,Baetica,Municipium,,,,Conventus Astigitanus,FALSO,,(Villanueva de la Concepción/ Antequera/ Málaga),Málaga,Andalucía,https://pleiades.stoa.org/places/265805,,https://www.trismegistos.org/place/26418,https://es.wikipedia.org/wiki/Anexo:Poblaciones_romanas_de_la_B%C3%A9tica,,,
154,Osset,,Roman republican,Roman,,,,,-330,300,,Baetica,Municipium Iulia Constantia,,,,Conventus Hispalensis,VERDADERO,VERDADERO,(San Juan de Aznalfarache/ Sevilla),Sevilla,Andalucía,https://pleiades.stoa.org/places/256344,http://www.iaph.es/patrimonio-inmueble-andalucia/resumen.do?id=i4713,https://www.trismegistos.org/place/26246,https://es.wikipedia.org/wiki/Anexo:Poblaciones_romanas_de_la_B%C3%A9tica,,,
155,Ossigi Latonium,,Iberian,Iberian,Roman republican,Roman,,,-30,640,,Baetica,Municipium,,,,Conventus Cordubensis,FALSO,VERDADERO,(Jimena/ Jaén),Jaén,Andalucía,https://pleiades.stoa.org/places/265994,http://www.iaph.es/patrimonio-inmueble-andalucia/resumen.do?id=i381,https://www.trismegistos.org/place/26155,https://es.wikipedia.org/wiki/Anexo:Poblaciones_romanas_de_la_B%C3%A9tica,,,
156,Ossonoba?,,,,,,,,-750,640,,Baetica,Colonia?,,,,Conventus Hispalensis,FALSO,,(Trigueros/ Huelva),Huelva,Andalucía,https://pleiades.stoa.org/places/256345,,https://www.trismegistos.org/place/26120,https://es.wikipedia.org/wiki/Anexo:Poblaciones_romanas_de_la_B%C3%A9tica,,,
157,Ostippo,,Turdetani,Iberian,Roman republican,Roman,,,-330,640,,Baetica,Municipium Flavium Liberum,,,,Conventus Astigitanus,FALSO,VERDADERO,(Estepa/ Sevilla),Sevilla,Andalucía,https://pleiades.stoa.org/places/256347,http://www.iaph.es/patrimonio-inmueble-andalucia/resumen.do?id=i4404,https://www.trismegistos.org/place/26220,https://es.wikipedia.org/wiki/Estepa_(Sevilla),,,
158,Ostur,,Roman republican,Roman,,,,,-330,300,,Baetica,Municipium,,,,Conventus Hispalensis,VERDADERO,VERDADERO,(Villalba de Alcor (Huelva),Huelva,Andalucía,https://pleiades.stoa.org/places/256349,http://www.iaph.es/patrimonio-inmueble-andalucia/resumen.do?id=i13002,https://www.trismegistos.org/place/26129,https://es.wikipedia.org/wiki/Anexo:Poblaciones_romanas_de_la_B%C3%A9tica,,,
159,Pax Iulia,,Roman republican,Roman,,,,,-330,640,,Ulterior,,,,,Conventus Pacensis,VERDADERO,,Beja,Portugal,Beja,https://pleiades.stoa.org/places/256358,,https://www.trismegistos.org/place/25737,https://en.wikipedia.org/wiki/Pax_Julia,,,
160,Perceiana,,,,,,,,-330,640,,Baetica,Colonia Pacensis,,,,Conventus Emeritensis,FALSO,,(Villafranca de los Barros/ Badajoz),Badajoz,Extremadura,https://pleiades.stoa.org/places/256361,,https://www.trismegistos.org/place/26328,https://es.wikipedia.org/wiki/Anexo:Poblaciones_romanas_de_la_B%C3%A9tica,,,
161,Praesidium,,,,,,,,-30,640,,Baetica,,,,,Conventus Cordubensis,FALSO,,(al norte de Sanlúcar del Guadiana/ Huelva)?,Huelva,Andalucía,https://pleiades.stoa.org/places/256386,,https://www.trismegistos.org/place/40929,https://en.wikipedia.org/wiki/Cartaya,,,
162,Regina,,,,,,,,-30,640,,Baetica,Municipim Civium Romanorum,,,,Conventus Gaditanus,FALSO,,(Casas de Reina/ Badajoz),Badajoz,Extremadura,https://pleiades.stoa.org/places/256397,,https://www.trismegistos.org/place/26281,https://es.wikipedia.org/wiki/Casas_de_Reina,,,
163,Sabetum,,,,,,,,-30,300,,Baetica,,,,,Conventus Astigitanus,FALSO,,(La Rambla/ Córdoba),Córdoba,Andalucía,https://pleiades.stoa.org/places/256407,,https://www.trismegistos.org/place/26056,https://es.wikipedia.org/wiki/San_Sebasti%C3%A1n_de_los_Ballesteros,,,
164,Sabora,,Roman republican,Roman,,,,,-30,300,,Baetica,Municipium Flavium,,,,Conventus Astigitanus,FALSO,VERDADERO,Cerro de Sabora,Málaga,Andalucía,https://pleiades.stoa.org/places/256408,http://www.iaph.es/patrimonio-inmueble-andalucia/resumen.do?id=i12814,https://www.trismegistos.org/place/38622,https://es.wikipedia.org/wiki/Ca%C3%B1ete_la_Real,,,
165,Sacili Martialium,,Turduli,Iberian,Roman republican,Roman,,,-330,300,,Baetica,Municipium,,,,Conventus Cordubensis,VERDADERO,VERDADERO,(Pedro Abad/ Córdoba),Córdoba,Andalucía,https://pleiades.stoa.org/places/266017,http://www.iaph.es/patrimonio-inmueble-andalucia/resumen.do?id=i6394,https://www.trismegistos.org/place/26010,https://en.wikipedia.org/wiki/Pedro_Abad,,,
166,Saepo,,Turdetani,Iberian,Roman republican,Roman,,,-30,300,,Baetica,Municipium,,,,Conventus Gaditanus,FALSO,VERDADERO,(Cerro de la Botinera/ entre Algodonales / Olvera/ Cádiz),Cádiz,Andalucía,https://pleiades.stoa.org/places/256411,http://www.iaph.es/patrimonio-inmueble-andalucia/resumen.do?id=i6668,https://www.trismegistos.org/place/38512,https://es.wikipedia.org/wiki/Olvera,,,
167,Saguntia,,Bastuli,Iberian,Roman republican,Roman,,,-30,640,,Baetica,Estipendiaria,,,,Conventus Gaditanus,FALSO,,(«Baños de Gigonza»/ Paterna de Rivera/ Cádiz),Cádiz,Andalucía,https://pleiades.stoa.org/places/256412,,,https://es.wikipedia.org/wiki/Anexo:Poblaciones_romanas_de_la_B%C3%A9tica,,,
168,Salaria/ Iltiraca,,Oretani,Iberian,Roman republican,Roman,,,-330,300,Ulterior,Tarraconense,Oppidum,Colonia,,,Conventus Carthagiensis,VERDADERO,,Úbeda la Vieja,Jaén,Andalucía,https://pleiades.stoa.org/places/266022,,https://www.trismegistos.org/place/26624,https://es.wikipedia.org/wiki/Salaria,,,
169,Salduba / Saltum,,Phoenician,Phoenician,Roman republican,Roman,,,-330,640,,Baetica,Estipendiaria,,,,Conventus Gaditanus,FALSO,,(/acimiento junto al río Verde/ Marbella/ Málaga),Málaga,Andalucía,https://pleiades.stoa.org/places/256416,,https://www.trismegistos.org/place/49931,https://es.wikipedia.org/wiki/Salduba,,,
170,Salpesa,,Turdetani,Iberian,Roman republican,Roman,,,-330,300,,Baetica,Municipium Flavium,,,,Conventus Hispalensis,VERDADERO,,(«El Casar» Utrera/ Sevilla),Sevilla,Andalucía,https://pleiades.stoa.org/places/256417,,https://www.trismegistos.org/place/26253,https://es.wikipedia.org/wiki/Salpensa,,,
171,Saudo,,Bastuli,Iberian,Roman republican,Roman,,,-30,640,,Baetica,Estipendiaria,,,,Conventus Gaditanus,FALSO,,(Cortijo del Jaulón/ Arcos de la Frontera/ Cádiz),Cádiz,Andalucía,https://pleiades.stoa.org/places/256437,,,https://es.wikipedia.org/wiki/Anexo:Poblaciones_romanas_de_la_B%C3%A9tica,,,
172,Searo,,,,,,,,-330,300,,Baetica,,,,,Conventus Hispalensis,VERDADERO,,Torre del Águila,Sevilla,Andalucía,http://pleiades.stoa.org/places/256449,,,https://es.wikipedia.org/wiki/Anexo:Poblaciones_romanas_de_la_B%C3%A9tica,,,
173,Segida Augurina,,Bastuli,Iberian,Roman republican,Roman,,,-30,300,,Baetica,Municipium Latio,,,,Conventus Astigitanus,FALSO,,(Palma del Río/ Córdoba),Córdoba,Andalucía,https://pleiades.stoa.org/places/256440,,https://www.trismegistos.org/place/26050,https://es.wikipedia.org/wiki/Palma_del_R%C3%ADo,,,
174,Segida Restituta Iulia,,Celtic,Celtic,Roman republican,Roman,,,-330,300,,Baetica,Municipium Latio,,,,Conventus Hispalensis,FALSO,,(Burguillos del Cerro/ Badajoz),Badajoz,Extremadura,https://pleiades.stoa.org/places/256439,,https://www.trismegistos.org/place/26331,https://es.wikipedia.org/wiki/Anexo:Poblaciones_romanas_de_la_B%C3%A9tica,,,
175,Selambina,,Phoenician,Phoenician,Roman republican,Roman,,,-30,300,,Baetica,Estipendiaria,,,,Conventus Astigitanus,FALSO,,(Salobreña/ Granada),Granada,Andalucía,https://pleiades.stoa.org/places/266037,,https://www.trismegistos.org/place/51698,https://es.wikipedia.org/wiki/Salobre%C3%B1a,,,
176,Seria Fama Iulia,,,,,,,,-30,640,,Baetica,Municipium,,,,Conventus Hispalensis,FALSO,,(Jerez de los Caballeros/ Badajoz),Badajoz,Andalucía,https://pleiades.stoa.org/places/256444,,https://www.trismegistos.org/place/26294,https://es.wikipedia.org/wiki/Anexo:Poblaciones_romanas_de_la_B%C3%A9tica,,,
177,Serippo,,,,,,,,-330,300,,Baetica,,,,,Conventus Hispalensis,FALSO,,(Los Molares/ Utrera/ Sevilla),Sevilla,Andalucía,https://pleiades.stoa.org/places/256229,,,https://es.wikipedia.org/wiki/Anexo:Poblaciones_romanas_de_la_B%C3%A9tica,,,
178,Sexs (sexi),,Phoenician,Phoenician,Roman republican,Roman,,,-750,640,,Baetica,Colonia,,,,Conventus Gaditanus,VERDADERO,VERDADERO,Caesarea Augustana (Almuñécar/ Granada),Granada,Andalucía,https://pleiades.stoa.org/places/266038,http://www.iaph.es/patrimonio-inmueble-andalucia/resumen.do?id=i24035,https://www.trismegistos.org/place/10608,https://en.wikipedia.org/wiki/Sexi_(Phoenician_colony),,,
179,Singilia Barba,,Roman,Roman,Roman republican,Roman,,,-30,640,,Baetica,Municipioum Flavium Liberum,,,,Conventus Astigitanus,FALSO,VERDADERO,Cortijo del Castillon Antequera,Málaga,Andalucía,https://pleiades.stoa.org/places/256453,http://www.iaph.es/patrimonio-inmueble-andalucia/resumen.do?id=i3880,https://www.trismegistos.org/place/26611,https://es.wikipedia.org/wiki/Singilia_Barba,,,
180,Sirpense,,,,,,,,,,,,,,,,,VERDADERO,,,,,no info,,,,,,
181,Sisapo Vetus,,Turduli,Iberian,Roman republican,Roman,,,-330,640,,Baetica,Municipium,,,,Conventus Cordubensis,VERDADERO,,Almodovar del Campo,Ciudad Real,Castilla la Mancha,https://pleiades.stoa.org/places/266043,,https://www.trismegistos.org/place/26259,https://es.wikipedia.org/wiki/Sisapo,,,
182,Solia,,,,,,,,-30,640,,Baetica,,,,,Conventus Cordubensis,FALSO,,(Fuencaliente/ Ciudad Real),Ciudad Real,Castilla la Mancha,https://pleiades.stoa.org/places/256456,,https://www.trismegistos.org/place/26040,https://es.wikipedia.org/wiki/Solia,,,
183,Soricaria,,,,,,,,,,,,,,,,Conventus Astigitanus,FALSO,,Plaza de Armas/ Nueva Carte/a,,,https://pleiades.stoa.org/places/270373,,https://www.trismegistos.org/place/26028,https://es.wikipedia.org/wiki/Montemayor,,,
184,Sosontigi,,,,,,,,-30,300,,Baetica,Municipium Flavium,,,,Conventus Astigitanus,FALSO,,(Alcaudete/ Jaén),Jaen,Andalucía,https://pleiades.stoa.org/places/266048,,https://www.trismegistos.org/place/26134,https://es.wikipedia.org/wiki/Anexo:Poblaciones_romanas_de_la_B%C3%A9tica,,,
185,Sucaelo,,,,,,,,,,,,,,,,Conventus Astigitanus,FALSO,,¿Cerro de las Cabezas? Fuente Tojar,,,https://pleiades.stoa.org/places/270374,,https://www.trismegistos.org/place/43874,https://es.wikipedia.org/wiki/Anexo:Poblaciones_romanas_de_la_B%C3%A9tica,,,
186,Suel,,Phoenician,Phoenician,Roman republican,Roman,,,-750,640,,Baetica,Municipium,,,,Conventus Gaditanus,FALSO,VERDADERO,(Fuengirola/ Málaga),Málaga,Andalucía,https://pleiades.stoa.org/places/266055,http://www.iaph.es/patrimonio-inmueble-andalucia/resumen.do?id=i7940,https://www.trismegistos.org/place/26182,https://es.wikipedia.org/wiki/Suel,,,
187,Tagilis,,,,,,,,-330,300,,Ulterior,,,,,,VERDADERO,,Tijola,Almeria,Andalucía,https://pleiades.stoa.org/places/266058,,,,,,
188,Tharsis,,,,,,,,-750,640,,Baetica,Municipium Flavium Liberum,,,,Conventus Hispalensis,FALSO,,(«Cortijo El Castillón» Antequera/ Málaga),Málaga,Andalucía,https://pleiades.stoa.org/places/256470,,https://www.trismegistos.org/place/39057,https://es.wikipedia.org/wiki/Tharsis_(Alosno),,,
189,Traducta,,Punic,Punic,Roman republican,Roman,,,-30,640,,Baetica,Colonia,,,,Conventus Gaditanus,VERDADERO,VERDADERO,"Tingetera, Algeciras",Cádiz,Andalucía,https://pleiades.stoa.org/places/256235/iulia-ioza,http://www.iaph.es/patrimonio-inmueble-andalucia/resumen.do?id=i6873&ids=110040049,https://www.trismegistos.org/place/25981,https://es.wikipedia.org/wiki/Iulia_Traducta,,,
190,Tucci,,Iberian,Iberian,Roman republican,Roman,,,-330,640,,Baetica,Colonia Augusta,,,,Conventus Astigitanus,FALSO,VERDADERO,Colonia Augusta Gemella (Martos/ Jaén),Jaén,Andalucía,https://pleiades.stoa.org/places/266070,http://www.iaph.es/patrimonio-inmueble-andalucia/resumen.do?id=i13650,https://www.trismegistos.org/place/26157,https://es.wikipedia.org/wiki/Tucci,,,
191,Tugia,,Iberian,Iberian,Roman republican,Roman,,,-550,640,Ulterior,Tarraconensis,Oppidum,,,,Conventus Astigitanus,FALSO,VERDADERO,"Toya, Peal Del Becerro",Jaén,Andalucia,https://pleiades.stoa.org/places/266072,http://www.iaph.es/patrimonio-inmueble-andalucia/resumen.do?id=i4867,https://www.trismegistos.org/place/26615,https://es.wikipedia.org/wiki/Peal_de_Becerro,,,
192,Turobriga,,Celtic,Celtic,Roman republican,Roman,,,-330,300,,Baetica,,,,,Conventus Hispalensis,FALSO,VERDADERO,(«Llano de San Mamés» Aroche/ Huelva?),Huelva,Andalucía,https://pleiades.stoa.org/places/256494,http://www.iaph.es/patrimonio-inmueble-andalucia/resumen.do?id=i23638,https://www.trismegistos.org/place/40913,https://es.wikipedia.org/wiki/Turobriga,,,
193,Turris Regina,,,,,,,,-330,300,,Baetica,,,,,Conventus Gaditanus,VERDADERO,,(«Cortijo de Casinas» Arcos de la Frontera/ Cádiz),Cádiz,Andalucía,https://pleiades.stoa.org/places/256492,,https://www.trismegistos.org/place/25983,https://es.wikipedia.org/wiki/Anexo:Poblaciones_romanas_de_la_B%C3%A9tica,,,
194,Tutugi,,Phoenician,Phoenician,Roman republican,Roman,,,-750,640,Ulterior,Baetica,Municipium,,,,,FALSO,VERDADERO,Galera,Granada,Andalucía,https://pleiades.stoa.org/places/266078,http://www.iaph.es/patrimonio-inmueble-andalucia/resumen.do?id=i4246,https://www.trismegistos.org/place/26585,https://es.wikipedia.org/wiki/Anexo:Poblaciones_romanas_de_la_B%C3%A9tica,,,
195,Ucia,,,,,,,,-330,640,,Baetica,,,,,Conventus Cordubensis,VERDADERO,,(«Cortijo de los Cansinos»/ Marmolejo/ Jaén),Jaen,Andalucía,https://pleiades.stoa.org/places/266051,,https://www.trismegistos.org/place/26156,https://es.wikipedia.org/wiki/Marmolejo,,,
196,Ucubi,,Turdetani,Iberian,Roman republican,Roman,,,-330,300,,Baetica,Colonia Iulia,,,,Conventus Astigitanus,FALSO,VERDADERO,(Espejo/ Córdoba),Córdoba,Andalucía,https://pleiades.stoa.org/places/266081,http://www.iaph.es/patrimonio-inmueble-andalucia/resumen.do?id=i15468&ids=140250015,https://www.trismegistos.org/place/26032,https://es.wikipedia.org/wiki/Espejo_(C%C3%B3rdoba),,,
197,Ugia,,Iberian,Iberian,Roman republican,Roman,,,-750,640,,Baetica,Oppidum,Colonia,,,Conventus Gaditanus,FALSO,VERDADERO,Cabezas de San Juan,Sevilla,Andalucia,https://pleiades.stoa.org/places/256501,http://www.iaph.es/patrimonio-inmueble-andalucia/resumen.do?id=i3315,https://www.trismegistos.org/place/33163,https://es.wikipedia.org/wiki/Las_Cabezas_de_San_Juan,,,
198,Ugultunia,,Celtic,Celtic,Roman republican,Roman,,,-30,640,,Baetica,Municipium Contributa Iulia,,,,Conventus Hispalensis,FALSO,,(Los Santos de Maimona/ Badajoz),Badajoz,Extremadura,https://pleiades.stoa.org/places/256126,,https://www.trismegistos.org/place/26298,https://es.wikipedia.org/wiki/Medina_de_las_Torres,,,
199,Ulia,,,,,,,,-330,640,,Baetica,Municipioum Fidentia,,,,Conventus Astigitanus,VERDADERO,,(Montemayor/ Córdoba),Cordoba,Andalucía,https://pleiades.stoa.org/places/256499,,https://www.trismegistos.org/place/26045,https://es.wikipedia.org/wiki/Anexo:Poblaciones_romanas_de_la_B%C3%A9tica,,,
200,Ulisi,,,,,,,,,,,Baetica,Civitas Stipendiaria,,,,Conventus Astigitanus,FALSO,,Cortijo de la Camila? Archidona,Málaga,Andalucía,no info,,https://www.trismegistos.org/place/26173,https://es.wikipedia.org/wiki/Anexo:Poblaciones_romanas_de_la_B%C3%A9tica,,,
201,Urgapa,,,,,,,,-30,640,,Baetica,,,,,Conventus Astigitanus,FALSO,,(«Santillán»/ en las salinas de Fuente de Piedra/ Málaga),Málaga,Andalucía,https://pleiades.stoa.org/places/256500,,https://www.trismegistos.org/place/26169,https://es.wikipedia.org/wiki/Anexo:Poblaciones_romanas_de_la_B%C3%A9tica,,,
202,Urium,,Phoenician,Phoenician,Roman republican,Roman,,,-30,300,,Baetica,,,,,Conventus Hispalensis,FALSO,VERDADERO,,,Andalucía,https://pleiades.stoa.org/places/256497,http://www.iaph.es/patrimonio-inmueble-andalucia/resumen.do?id=i21258,,https://es.wikipedia.org/wiki/Anexo:Poblaciones_romanas_de_la_B%C3%A9tica,,,
203,Urso,,Phoenician,Phoenician,Roman republican,Roman,,,-330,640,Ulterior,Baetica,Colonia Genetiva Iulia,,,,Conventus Astigitanus,VERDADERO,VERDADERO,(Osuna/ Sevilla),Sevilla,Andalucía,https://pleiades.stoa.org/places/256503,http://www.iaph.es/patrimonio-inmueble-andalucia/resumen.do?id=i4884&ids=410680001,https://www.trismegistos.org/place/26236,https://es.wikipedia.org/wiki/Urso,,,
204,Usaepo,,,,,,,,-30,300,,Baetica,Municipium Victrix,,,,Conventus Gaditanus,FALSO,,(«Dehesa de la Fantasía» Cortes de la Frontera/ Málaga),Málaga,Andalucía,https://pleiades.stoa.org/places/256411,,,https://es.wikipedia.org/wiki/Anexo:Poblaciones_romanas_de_la_B%C3%A9tica,,,
205,Vama,,,,,,,,-30,300,,Baetica,,,,,Conventus Hispalensis,FALSO,,(La Parra/ Badajoz),Badajoz,Extremadura,https://pleiades.stoa.org/places/256510,,,https://es.wikipedia.org/wiki/Anexo:Poblaciones_romanas_de_la_B%C3%A9tica,,,
206,Ventippo,,,,,,,,-330,300,,Baetica,Municipium Flavium,,,,Conventus Astigitanus,VERDADERO,,Cerro de la Atalaya / Casariche,Sevilla,Andalucía,https://pleiades.stoa.org/places/256511,,https://www.trismegistos.org/place/26226,https://es.wikipedia.org/wiki/Casariche#Ventippo,,,
207,Vergilia,,,,,,,,-30,640,,Baetica,Municipium,,,,Conventus Carthaginensis,FALSO,,Albuniel de Cambil,Jaén,Andalucía,https://pleiades.stoa.org/places/266093,,https://www.trismegistos.org/place/26613,https://es.wikipedia.org/wiki/Anexo:Poblaciones_romanas_de_la_B%C3%A9tica,,,
208,Vesci,,,,,,,,,,,Baetica,,,,,Conventus Gaditanus,VERDADERO,,(«Cerro Gordo o Cerro de la Laguna» Algatocín/ Málaga),Málaga,Andalucía,https://pleiades.stoa.org/places/256314,,,https://es.wikipedia.org/wiki/Anexo:Poblaciones_romanas_de_la_B%C3%A9tica,,,
209,Vivatia,,,,,,,,-30,640,Ulterior,Tarraconensis,,,,,,FALSO,,Baza,Jaén,Andalucía,https://pleiades.stoa.org/places/266099,,https://www.trismegistos.org/place/26593,https://en.wikipedia.org/wiki/Baeza,,,
,,,,,,,,,,,,,,,,,,,,,,,,,,,,,
,,,,,,,,,,,,,,,,,,,,,,,,,,,,,
,,,,,,,,,,,,,,,,,,,,,,,,,,,,,
,,,,,,,,,,,,,,,,,,,,,,,,,,,,,
,,,,,,,,,,,,,,,,,,,,,,,,,,,,,
,,,,,,,,,,,,,,,,,,,,,,,,,,,,,
,,,,,,,,,,,,,,,,,,,,,,,,,,,,,
,,,,,,,,,,,,,,,,,,,,,,,,,,,,,
,,,,,,,,,,,,,,,,,,,,,,,,,,,,,
,,,,,,,,,,,,,,,,,,,,,,,,,,,,,
,,,,,,,,,,,,,,,,,,,,,,,,,,,,,
,,,,,,,,,,,,,,,,,,,,,,,,,,,,,
,,,,,,,,,,,,,,,,,,,,,,,,,,,,,
,,,,,,,,,,,,,,,,,,,,,,,,,,,,,
,,,,,,,,,,,,,,,,,,,,,,,,,,,,,
,,,,,,,,,,,,,,,,,,,,,,,,,,,,,
,,,,,,,,,,,,,,,,,,,,,,,,,,,,,
,,,,,,,,,,,,,,,,,,,,,,,,,,,,,
,,,,,,,,,,,,,,,,,,,,,,,,,,,,,
,,,,,,,,,,,,,,,,,,,,,,,,,,,,,
,,,,,,,,,,,,,,,,,,,,,,,,,,,,,
,,,,,,,,,,,,,,,,,,,,,,,,,,,,,
,,,,,,,,,,,,,,,,,,,,,,,,,,,,,
,,,,,,,,,,,,,,,,,,,,,,,,,,,,,
,,,,,,,,,,,,,,,,,,,,,,,,,,,,,
,,,,,,,,,,,,,,,,,,,,,,,,,,,,,
,,,,,,,,,,,,,,,,,,,,,,,,,,,,,
,,,,,,,,,,,,,,,,,,,,,,,,,,,,,
,,,,,,,,,,,,,,,,,,,,,,,,,,,,,
,,,,,,,,,,,,,,,,,,,,,,,,,,,,,
,,,,,,,,,,,,,,,,,,,,,,,,,,,,,
,,,,,,,,,,,,,,,,,,,,,,,,,,,,,
,,,,,,,,,,,,,,,,,,,,,,,,,,,,,
,,,,,,,,,,,,,,,,,,,,,,,,,,,,,
,,,,,,,,,,,,,,,,,,,,,,,,,,,,,
,,,,,,,,,,,,,,,,,,,,,,,,,,,,,
,,,,,,,,,,,,,,,,,,,,,,,,,,,,,
,,,,,,,,,,,,,,,,,,,,,,,,,,,,,
,,,,,,,,,,,,,,,,,,,,,,,,,,,,,
,,,,,,,,,,,,,,,,,,,,,,,,,,,,,
,,,,,,,,,,,,,,,,,,,,,,,,,,,,,
,,,,,,,,,,,,,,,,,,,,,,,,,,,,,
,,,,,,,,,,,,,,,,,,,,,,,,,,,,,
,,,,,,,,,,,,,,,,,,,,,,,,,,,,,
,,,,,,,,,,,,,,,,,,,,,,,,,,,,,
,,,,,,,,,,,,,,,,,,,,,,,,,,,,,
,,,,,,,,,,,,,,,,,,,,,,,,,,,,,
,,,,,,,,,,,,,,,,,,,,,,,,,,,,,
,,,,,,,,,,,,,,,,,,,,,,,,,,,,,
,,,,,,,,,,,,,,,,,,,,,,,,,,,,,
,,,,,,,,,,,,,,,,,,,,,,,,,,,,,
,,,,,,,,,,,,,,,,,,,,,,,,,,,,,
,,,,,,,,,,,,,,,,,,,,,,,,,,,,,
,,,,,,,,,,,,,,,,,,,,,,,,,,,,,
,,,,,,,,,,,,,,,,,,,,,,,,,,,,,
,,,,,,,,,,,,,,,,,,,,,,,,,,,,,
,,,,,,,,,,,,,,,,,,,,,,,,,,,,,
,,,,,,,,,,,,,,,,,,,,,,,,,,,,,
,,,,,,,,,,,,,,,,,,,,,,,,,,,,,
,,,,,,,,,,,,,,,,,,,,,,,,,,,,,
,,,,,,,,,,,,,,,,,,,,,,,,,,,,,
,,,,,,,,,,,,,,,,,,,,,,,,,,,,,
,,,,,,,,,,,,,,,,,,,,,,,,,,,,,
,,,,,,,,,,,,,,,,,,,,,,,,,,,,,
,,,,,,,,,,,,,,,,,,,,,,,,,,,,,
,,,,,,,,,,,,,,,,,,,,,,,,,,,,,
,,,,,,,,,,,,,,,,,,,,,,,,,,,,,
,,,,,,,,,,,,,,,,,,,,,,,,,,,,,
,,,,,,,,,,,,,,,,,,,,,,,,,,,,,
,,,,,,,,,,,,,,,,,,,,,,,,,,,,,
,,,,,,,,,,,,,,,,,,,,,,,,,,,,,
,,,,,,,,,,,,,,,,,,,,,,,,,,,,,
,,,,,,,,,,,,,,,,,,,,,,,,,,,,,
,,,,,,,,,,,,,,,,,,,,,,,,,,,,,
,,,,,,,,,,,,,,,,,,,,,,,,,,,,,
,,,,,,,,,,,,,,,,,,,,,,,,,,,,,
,,,,,,,,,,,,,,,,,,,,,,,,,,,,,
,,,,,,,,,,,,,,,,,,,,,,,,,,,,,
,,,,,,,,,,,,,,,,,,,,,,,,,,,,,
,,,,,,,,,,,,,,,,,,,,,,,,,,,,,
,,,,,,,,,,,,,,,,,,,,,,,,,,,,,
,,,,,,,,,,,,,,,,,,,,,,,,,,,,,
,,,,,,,,,,,,,,,,,,,,,,,,,,,,,
,,,,,,,,,,,,,,,,,,,,,,,,,,,,,
,,,,,,,,,,,,,,,,,,,,,,,,,,,,,
,,,,,,,,,,,,,,,,,,,,,,,,,,,,,
,,,,,,,,,,,,,,,,,,,,,,,,,,,,,
,,,,,,,,,,,,,,,,,,,,,,,,,,,,,
,,,,,,,,,,,,,,,,,,,,,,,,,,,,,
,,,,,,,,,,,,,,,,,,,,,,,,,,,,,
,,,,,,,,,,,,,,,,,,,,,,,,,,,,,
,,,,,,,,,,,,,,,,,,,,,,,,,,,,,
,,,,,,,,,,,,,,,,,,,,,,,,,,,,,
,,,,,,,,,,,,,,,,,,,,,,,,,,,,,
,,,,,,,,,,,,,,,,,,,,,,,,,,,,,
,,,,,,,,,,,,,,,,,,,,,,,,,,,,,
,,,,,,,,,,,,,,,,,,,,,,,,,,,,,
,,,,,,,,,,,,,,,,,,,,,,,,,,,,,
,,,,,,,,,,,,,,,,,,,,,,,,,,,,,
,,,,,,,,,,,,,,,,,,,,,,,,,,,,,
,,,,,,,,,,,,,,,,,,,,,,,,,,,,,
,,,,,,,,,,,,,,,,,,,,,,,,,,,,,
,,,,,,,,,,,,,,,,,,,,,,,,,,,,,
,,,,,,,,,,,,,,,,,,,,,,,,,,,,,
,,,,,,,,,,,,,,,,,,,,,,,,,,,,,
,,,,,,,,,,,,,,,,,,,,,,,,,,,,,
,,,,,,,,,,,,,,,,,,,,,,,,,,,,,
,,,,,,,,,,,,,,,,,,,,,,,,,,,,,
,,,,,,,,,,,,,,,,,,,,,,,,,,,,,
,,,,,,,,,,,,,,,,,,,,,,,,,,,,,
,,,,,,,,,,,,,,,,,,,,,,,,,,,,,
,,,,,,,,,,,,,,,,,,,,,,,,,,,,,
,,,,,,,,,,,,,,,,,,,,,,,,,,,,,
,,,,,,,,,,,,,,,,,,,,,,,,,,,,,
,,,,,,,,,,,,,,,,,,,,,,,,,,,,,
,,,,,,,,,,,,,,,,,,,,,,,,,,,,,
,,,,,,,,,,,,,,,,,,,,,,,,,,,,,
,,,,,,,,,,,,,,,,,,,,,,,,,,,,,
,,,,,,,,,,,,,,,,,,,,,,,,,,,,,
,,,,,,,,,,,,,,,,,,,,,,,,,,,,,
,,,,,,,,,,,,,,,,,,,,,,,,,,,,,
,,,,,,,,,,,,,,,,,,,,,,,,,,,,,
,,,,,,,,,,,,,,,,,,,,,,,,,,,,,
,,,,,,,,,,,,,,,,,,,,,,,,,,,,,
,,,,,,,,,,,,,,,,,,,,,,,,,,,,,
,,,,,,,,,,,,,,,,,,,,,,,,,,,,,
,,,,,,,,,,,,,,,,,,,,,,,,,,,,,
,,,,,,,,,,,,,,,,,,,,,,,,,,,,,
,,,,,,,,,,,,,,,,,,,,,,,,,,,,,
,,,,,,,,,,,,,,,,,,,,,,,,,,,,,
,,,,,,,,,,,,,,,,,,,,,,,,,,,,,
,,,,,,,,,,,,,,,,,,,,,,,,,,,,,
,,,,,,,,,,,,,,,,,,,,,,,,,,,,,
,,,,,,,,,,,,,,,,,,,,,,,,,,,,,
,,,,,,,,,,,,,,,,,,,,,,,,,,,,,
,,,,,,,,,,,,,,,,,,,,,,,,,,,,,
,,,,,,,,,,,,,,,,,,,,,,,,,,,,,
,,,,,,,,,,,,,,,,,,,,,,,,,,,,,
,,,,,,,,,,,,,,,,,,,,,,,,,,,,,
,,,,,,,,,,,,,,,,,,,,,,,,,,,,,
,,,,,,,,,,,,,,,,,,,,,,,,,,,,,
,,,,,,,,,,,,,,,,,,,,,,,,,,,,,
,,,,,,,,,,,,,,,,,,,,,,,,,,,,,
,,,,,,,,,,,,,,,,,,,,,,,,,,,,,
,,,,,,,,,,,,,,,,,,,,,,,,,,,,,
,,,,,,,,,,,,,,,,,,,,,,,,,,,,,
,,,,,,,,,,,,,,,,,,,,,,,,,,,,,
,,,,,,,,,,,,,,,,,,,,,,,,,,,,,
,,,,,,,,,,,,,,,,,,,,,,,,,,,,,
,,,,,,,,,,,,,,,,,,,,,,,,,,,,,
,,,,,,,,,,,,,,,,,,,,,,,,,,,,,
,,,,,,,,,,,,,,,,,,,,,,,,,,,,,
,,,,,,,,,,,,,,,,,,,,,,,,,,,,,
,,,,,,,,,,,,,,,,,,,,,,,,,,,,,
,,,,,,,,,,,,,,,,,,,,,,,,,,,,,
,,,,,,,,,,,,,,,,,,,,,,,,,,,,,
,,,,,,,,,,,,,,,,,,,,,,,,,,,,,
,,,,,,,,,,,,,,,,,,,,,,,,,,,,,
,,,,,,,,,,,,,,,,,,,,,,,,,,,,,
,,,,,,,,,,,,,,,,,,,,,,,,,,,,,
,,,,,,,,,,,,,,,,,,,,,,,,,,,,,
,,,,,,,,,,,,,,,,,,,,,,,,,,,,,
,,,,,,,,,,,,,,,,,,,,,,,,,,,,,
,,,,,,,,,,,,,,,,,,,,,,,,,,,,,
,,,,,,,,,,,,,,,,,,,,,,,,,,,,,
,,,,,,,,,,,,,,,,,,,,,,,,,,,,,
,,,,,,,,,,,,,,,,,,,,,,,,,,,,,
,,,,,,,,,,,,,,,,,,,,,,,,,,,,,
,,,,,,,,,,,,,,,,,,,,,,,,,,,,,
,,,,,,,,,,,,,,,,,,,,,,,,,,,,,
,,,,,,,,,,,,,,,,,,,,,,,,,,,,,
,,,,,,,,,,,,,,,,,,,,,,,,,,,,,
,,,,,,,,,,,,,,,,,,,,,,,,,,,,,
,,,,,,,,,,,,,,,,,,,,,,,,,,,,,
,,,,,,,,,,,,,,,,,,,,,,,,,,,,,
,,,,,,,,,,,,,,,,,,,,,,,,,,,,,
,,,,,,,,,,,,,,,,,,,,,,,,,,,,,
,,,,,,,,,,,,,,,,,,,,,,,,,,,,,
,,,,,,,,,,,,,,,,,,,,,,,,,,,,,
,,,,,,,,,,,,,,,,,,,,,,,,,,,,,
,,,,,,,,,,,,,,,,,,,,,,,,,,,,,
,,,,,,,,,,,,,,,,,,,,,,,,,,,,,
,,,,,,,,,,,,,,,,,,,,,,,,,,,,,
,,,,,,,,,,,,,,,,,,,,,,,,,,,,,
,,,,,,,,,,,,,,,,,,,,,,,,,,,,,
,,,,,,,,,,,,,,,,,,,,,,,,,,,,,
,,,,,,,,,,,,,,,,,,,,,,,,,,,,,
,,,,,,,,,,,,,,,,,,,,,,,,,,,,,
,,,,,,,,,,,,,,,,,,,,,,,,,,,,,
,,,,,,,,,,,,,,,,,,,,,,,,,,,,,
,,,,,,,,,,,,,,,,,,,,,,,,,,,,,
,,,,,,,,,,,,,,,,,,,,,,,,,,,,,
,,,,,,,,,,,,,,,,,,,,,,,,,,,,,
,,,,,,,,,,,,,,,,,,,,,,,,,,,,,
,,,,,,,,,,,,,,,,,,,,,,,,,,,,,
,,,,,,,,,,,,,,,,,,,,,,,,,,,,,
,,,,,,,,,,,,,,,,,,,,,,,,,,,,,
,,,,,,,,,,,,,,,,,,,,,,,,,,,,,
,,,,,,,,,,,,,,,,,,,,,,,,,,,,,
,,,,,,,,,,,,,,,,,,,,,,,,,,,,,
,,,,,,,,,,,,,,,,,,,,,,,,,,,,,
,,,,,,,,,,,,,,,,,,,,,,,,,,,,,
,,,,,,,,,,,,,,,,,,,,,,,,,,,,,
,,,,,,,,,,,,,,,,,,,,,,,,,,,,,
,,,,,,,,,,,,,,,,,,,,,,,,,,,,,
,,,,,,,,,,,,,,,,,,,,,,,,,,,,,
,,,,,,,,,,,,,,,,,,,,,,,,,,,,,
,,,,,,,,,,,,,,,,,,,,,,,,,,,,,
,,,,,,,,,,,,,,,,,,,,,,,,,,,,,
,,,,,,,,,,,,,,,,,,,,,,,,,,,,,
,,,,,,,,,,,,,,,,,,,,,,,,,,,,,
,,,,,,,,,,,,,,,,,,,,,,,,,,,,,
,,,,,,,,,,,,,,,,,,,,,,,,,,,,,
,,,,,,,,,,,,,,,,,,,,,,,,,,,,,
,,,,,,,,,,,,,,,,,,,,,,,,,,,,,
,,,,,,,,,,,,,,,,,,,,,,,,,,,,,
,,,,,,,,,,,,,,,,,,,,,,,,,,,,,
,,,,,,,,,,,,,,,,,,,,,,,,,,,,,
,,,,,,,,,,,,,,,,,,,,,,,,,,,,,
,,,,,,,,,,,,,,,,,,,,,,,,,,,,,
,,,,,,,,,,,,,,,,,,,,,,,,,,,,,
,,,,,,,,,,,,,,,,,,,,,,,,,,,,,
,,,,,,,,,,,,,,,,,,,,,,,,,,,,,
,,,,,,,,,,,,,,,,,,,,,,,,,,,,,
,,,,,,,,,,,,,,,,,,,,,,,,,,,,,
,,,,,,,,,,,,,,,,,,,,,,,,,,,,,
,,,,,,,,,,,,,,,,,,,,,,,,,,,,,
,,,,,,,,,,,,,,,,,,,,,,,,,,,,,
,,,,,,,,,,,,,,,,,,,,,,,,,,,,,
,,,,,,,,,,,,,,,,,,,,,,,,,,,,,
,,,,,,,,,,,,,,,,,,,,,,,,,,,,,
,,,,,,,,,,,,,,,,,,,,,,,,,,,,,
,,,,,,,,,,,,,,,,,,,,,,,,,,,,,
,,,,,,,,,,,,,,,,,,,,,,,,,,,,,
,,,,,,,,,,,,,,,,,,,,,,,,,,,,,
,,,,,,,,,,,,,,,,,,,,,,,,,,,,,
,,,,,,,,,,,,,,,,,,,,,,,,,,,,,
,,,,,,,,,,,,,,,,,,,,,,,,,,,,,
,,,,,,,,,,,,,,,,,,,,,,,,,,,,,
,,,,,,,,,,,,,,,,,,,,,,,,,,,,,
,,,,,,,,,,,,,,,,,,,,,,,,,,,,,
,,,,,,,,,,,,,,,,,,,,,,,,,,,,,
,,,,,,,,,,,,,,,,,,,,,,,,,,,,,
,,,,,,,,,,,,,,,,,,,,,,,,,,,,,
,,,,,,,,,,,,,,,,,,,,,,,,,,,,,
,,,,,,,,,,,,,,,,,,,,,,,,,,,,,
,,,,,,,,,,,,,,,,,,,,,,,,,,,,,
,,,,,,,,,,,,,,,,,,,,,,,,,,,,,
,,,,,,,,,,,,,,,,,,,,,,,,,,,,,
,,,,,,,,,,,,,,,,,,,,,,,,,,,,,
,,,,,,,,,,,,,,,,,,,,,,,,,,,,,
,,,,,,,,,,,,,,,,,,,,,,,,,,,,,
,,,,,,,,,,,,,,,,,,,,,,,,,,,,,
,,,,,,,,,,,,,,,,,,,,,,,,,,,,,
,,,,,,,,,,,,,,,,,,,,,,,,,,,,,
,,,,,,,,,,,,,,,,,,,,,,,,,,,,,
,,,,,,,,,,,,,,,,,,,,,,,,,,,,,
,,,,,,,,,,,,,,,,,,,,,,,,,,,,,
,,,,,,,,,,,,,,,,,,,,,,,,,,,,,
,,,,,,,,,,,,,,,,,,,,,,,,,,,,,
,,,,,,,,,,,,,,,,,,,,,,,,,,,,,
,,,,,,,,,,,,,,,,,,,,,,,,,,,,,
,,,,,,,,,,,,,,,,,,,,,,,,,,,,,
,,,,,,,,,,,,,,,,,,,,,,,,,,,,,
,,,,,,,,,,,,,,,,,,,,,,,,,,,,,
,,,,,,,,,,,,,,,,,,,,,,,,,,,,,
,,,,,,,,,,,,,,,,,,,,,,,,,,,,,
,,,,,,,,,,,,,,,,,,,,,,,,,,,,,
,,,,,,,,,,,,,,,,,,,,,,,,,,,,,
,,,,,,,,,,,,,,,,,,,,,,,,,,,,,
,,,,,,,,,,,,,,,,,,,,,,,,,,,,,
,,,,,,,,,,,,,,,,,,,,,,,,,,,,,
,,,,,,,,,,,,,,,,,,,,,,,,,,,,,
,,,,,,,,,,,,,,,,,,,,,,,,,,,,,
,,,,,,,,,,,,,,,,,,,,,,,,,,,,,
,,,,,,,,,,,,,,,,,,,,,,,,,,,,,
,,,,,,,,,,,,,,,,,,,,,,,,,,,,,
,,,,,,,,,,,,,,,,,,,,,,,,,,,,,
,,,,,,,,,,,,,,,,,,,,,,,,,,,,,
,,,,,,,,,,,,,,,,,,,,,,,,,,,,,
,,,,,,,,,,,,,,,,,,,,,,,,,,,,,
,,,,,,,,,,,,,,,,,,,,,,,,,,,,,
,,,,,,,,,,,,,,,,,,,,,,,,,,,,,
,,,,,,,,,,,,,,,,,,,,,,,,,,,,,
,,,,,,,,,,,,,,,,,,,,,,,,,,,,,
,,,,,,,,,,,,,,,,,,,,,,,,,,,,,
,,,,,,,,,,,,,,,,,,,,,,,,,,,,,
,,,,,,,,,,,,,,,,,,,,,,,,,,,,,
,,,,,,,,,,,,,,,,,,,,,,,,,,,,,
,,,,,,,,,,,,,,,,,,,,,,,,,,,,,
,,,,,,,,,,,,,,,,,,,,,,,,,,,,,
,,,,,,,,,,,,,,,,,,,,,,,,,,,,,
,,,,,,,,,,,,,,,,,,,,,,,,,,,,,
,,,,,,,,,,,,,,,,,,,,,,,,,,,,,
,,,,,,,,,,,,,,,,,,,,,,,,,,,,,
,,,,,,,,,,,,,,,,,,,,,,,,,,,,,
,,,,,,,,,,,,,,,,,,,,,,,,,,,,,
,,,,,,,,,,,,,,,,,,,,,,,,,,,,,
,,,,,,,,,,,,,,,,,,,,,,,,,,,,,
,,,,,,,,,,,,,,,,,,,,,,,,,,,,,
,,,,,,,,,,,,,,,,,,,,,,,,,,,,,
,,,,,,,,,,,,,,,,,,,,,,,,,,,,,
,,,,,,,,,,,,,,,,,,,,,,,,,,,,,
,,,,,,,,,,,,,,,,,,,,,,,,,,,,,
,,,,,,,,,,,,,,,,,,,,,,,,,,,,,
,,,,,,,,,,,,,,,,,,,,,,,,,,,,,
,,,,,,,,,,,,,,,,,,,,,,,,,,,,,
,,,,,,,,,,,,,,,,,,,,,,,,,,,,,
,,,,,,,,,,,,,,,,,,,,,,,,,,,,,
,,,,,,,,,,,,,,,,,,,,,,,,,,,,,
,,,,,,,,,,,,,,,,,,,,,,,,,,,,,
,,,,,,,,,,,,,,,,,,,,,,,,,,,,,
,,,,,,,,,,,,,,,,,,,,,,,,,,,,,
,,,,,,,,,,,,,,,,,,,,,,,,,,,,,
,,,,,,,,,,,,,,,,,,,,,,,,,,,,,
,,,,,,,,,,,,,,,,,,,,,,,,,,,,,
,,,,,,,,,,,,,,,,,,,,,,,,,,,,,
,,,,,,,,,,,,,,,,,,,,,,,,,,,,,
,,,,,,,,,,,,,,,,,,,,,,,,,,,,,
,,,,,,,,,,,,,,,,,,,,,,,,,,,,,
,,,,,,,,,,,,,,,,,,,,,,,,,,,,,
,,,,,,,,,,,,,,,,,,,,,,,,,,,,,
,,,,,,,,,,,,,,,,,,,,,,,,,,,,,
,,,,,,,,,,,,,,,,,,,,,,,,,,,,,
,,,,,,,,,,,,,,,,,,,,,,,,,,,,,
,,,,,,,,,,,,,,,,,,,,,,,,,,,,,
,,,,,,,,,,,,,,,,,,,,,,,,,,,,,
,,,,,,,,,,,,,,,,,,,,,,,,,,,,,
,,,,,,,,,,,,,,,,,,,,,,,,,,,,,
,,,,,,,,,,,,,,,,,,,,,,,,,,,,,
,,,,,,,,,,,,,,,,,,,,,,,,,,,,,
,,,,,,,,,,,,,,,,,,,,,,,,,,,,,
,,,,,,,,,,,,,,,,,,,,,,,,,,,,,
,,,,,,,,,,,,,,,,,,,,,,,,,,,,,
,,,,,,,,,,,,,,,,,,,,,,,,,,,,,
,,,,,,,,,,,,,,,,,,,,,,,,,,,,,
,,,,,,,,,,,,,,,,,,,,,,,,,,,,,
,,,,,,,,,,,,,,,,,,,,,,,,,,,,,
,,,,,,,,,,,,,,,,,,,,,,,,,,,,,
,,,,,,,,,,,,,,,,,,,,,,,,,,,,,
,,,,,,,,,,,,,,,,,,,,,,,,,,,,,
,,,,,,,,,,,,,,,,,,,,,,,,,,,,,
,,,,,,,,,,,,,,,,,,,,,,,,,,,,,
,,,,,,,,,,,,,,,,,,,,,,,,,,,,,
,,,,,,,,,,,,,,,,,,,,,,,,,,,,,
,,,,,,,,,,,,,,,,,,,,,,,,,,,,,
,,,,,,,,,,,,,,,,,,,,,,,,,,,,,
,,,,,,,,,,,,,,,,,,,,,,,,,,,,,
,,,,,,,,,,,,,,,,,,,,,,,,,,,,,
,,,,,,,,,,,,,,,,,,,,,,,,,,,,,
,,,,,,,,,,,,,,,,,,,,,,,,,,,,,
,,,,,,,,,,,,,,,,,,,,,,,,,,,,,
,,,,,,,,,,,,,,,,,,,,,,,,,,,,,
,,,,,,,,,,,,,,,,,,,,,,,,,,,,,
,,,,,,,,,,,,,,,,,,,,,,,,,,,,,
,,,,,,,,,,,,,,,,,,,,,,,,,,,,,
,,,,,,,,,,,,,,,,,,,,,,,,,,,,,
,,,,,,,,,,,,,,,,,,,,,,,,,,,,,
,,,,,,,,,,,,,,,,,,,,,,,,,,,,,
,,,,,,,,,,,,,,,,,,,,,,,,,,,,,
,,,,,,,,,,,,,,,,,,,,,,,,,,,,,
,,,,,,,,,,,,,,,,,,,,,,,,,,,,,
,,,,,,,,,,,,,,,,,,,,,,,,,,,,,
,,,,,,,,,,,,,,,,,,,,,,,,,,,,,
,,,,,,,,,,,,,,,,,,,,,,,,,,,,,
,,,,,,,,,,,,,,,,,,,,,,,,,,,,,
,,,,,,,,,,,,,,,,,,,,,,,,,,,,,
,,,,,,,,,,,,,,,,,,,,,,,,,,,,,
,,,,,,,,,,,,,,,,,,,,,,,,,,,,,
,,,,,,,,,,,,,,,,,,,,,,,,,,,,,
,,,,,,,,,,,,,,,,,,,,,,,,,,,,,
,,,,,,,,,,,,,,,,,,,,,,,,,,,,,
,,,,,,,,,,,,,,,,,,,,,,,,,,,,,
,,,,,,,,,,,,,,,,,,,,,,,,,,,,,
,,,,,,,,,,,,,,,,,,,,,,,,,,,,,
,,,,,,,,,,,,,,,,,,,,,,,,,,,,,
,,,,,,,,,,,,,,,,,,,,,,,,,,,,,
,,,,,,,,,,,,,,,,,,,,,,,,,,,,,
,,,,,,,,,,,,,,,,,,,,,,,,,,,,,
,,,,,,,,,,,,,,,,,,,,,,,,,,,,,
,,,,,,,,,,,,,,,,,,,,,,,,,,,,,
,,,,,,,,,,,,,,,,,,,,,,,,,,,,,
,,,,,,,,,,,,,,,,,,,,,,,,,,,,,
,,,,,,,,,,,,,,,,,,,,,,,,,,,,,
,,,,,,,,,,,,,,,,,,,,,,,,,,,,,
,,,,,,,,,,,,,,,,,,,,,,,,,,,,,
,,,,,,,,,,,,,,,,,,,,,,,,,,,,,
,,,,,,,,,,,,,,,,,,,,,,,,,,,,,
,,,,,,,,,,,,,,,,,,,,,,,,,,,,,
,,,,,,,,,,,,,,,,,,,,,,,,,,,,,
,,,,,,,,,,,,,,,,,,,,,,,,,,,,,
,,,,,,,,,,,,,,,,,,,,,,,,,,,,,
,,,,,,,,,,,,,,,,,,,,,,,,,,,,,
,,,,,,,,,,,,,,,,,,,,,,,,,,,,,
,,,,,,,,,,,,,,,,,,,,,,,,,,,,,
,,,,,,,,,,,,,,,,,,,,,,,,,,,,,
,,,,,,,,,,,,,,,,,,,,,,,,,,,,,
,,,,,,,,,,,,,,,,,,,,,,,,,,,,,
,,,,,,,,,,,,,,,,,,,,,,,,,,,,,
,,,,,,,,,,,,,,,,,,,,,,,,,,,,,
,,,,,,,,,,,,,,,,,,,,,,,,,,,,,
,,,,,,,,,,,,,,,,,,,,,,,,,,,,,
,,,,,,,,,,,,,,,,,,,,,,,,,,,,,
,,,,,,,,,,,,,,,,,,,,,,,,,,,,,
,,,,,,,,,,,,,,,,,,,,,,,,,,,,,
,,,,,,,,,,,,,,,,,,,,,,,,,,,,,
,,,,,,,,,,,,,,,,,,,,,,,,,,,,,
,,,,,,,,,,,,,,,,,,,,,,,,,,,,,
,,,,,,,,,,,,,,,,,,,,,,,,,,,,,
,,,,,,,,,,,,,,,,,,,,,,,,,,,,,
,,,,,,,,,,,,,,,,,,,,,,,,,,,,,
,,,,,,,,,,,,,,,,,,,,,,,,,,,,,
,,,,,,,,,,,,,,,,,,,,,,,,,,,,,
,,,,,,,,,,,,,,,,,,,,,,,,,,,,,
,,,,,,,,,,,,,,,,,,,,,,,,,,,,,
,,,,,,,,,,,,,,,,,,,,,,,,,,,,,
,,,,,,,,,,,,,,,,,,,,,,,,,,,,,
,,,,,,,,,,,,,,,,,,,,,,,,,,,,,
,,,,,,,,,,,,,,,,,,,,,,,,,,,,,
,,,,,,,,,,,,,,,,,,,,,,,,,,,,,
,,,,,,,,,,,,,,,,,,,,,,,,,,,,,
,,,,,,,,,,,,,,,,,,,,,,,,,,,,,
,,,,,,,,,,,,,,,,,,,,,,,,,,,,,
,,,,,,,,,,,,,,,,,,,,,,,,,,,,,
,,,,,,,,,,,,,,,,,,,,,,,,,,,,,
,,,,,,,,,,,,,,,,,,,,,,,,,,,,,
,,,,,,,,,,,,,,,,,,,,,,,,,,,,,
,,,,,,,,,,,,,,,,,,,,,,,,,,,,,
,,,,,,,,,,,,,,,,,,,,,,,,,,,,,
,,,,,,,,,,,,,,,,,,,,,,,,,,,,,
,,,,,,,,,,,,,,,,,,,,,,,,,,,,,
,,,,,,,,,,,,,,,,,,,,,,,,,,,,,
,,,,,,,,,,,,,,,,,,,,,,,,,,,,,
,,,,,,,,,,,,,,,,,,,,,,,,,,,,,
,,,,,,,,,,,,,,,,,,,,,,,,,,,,,
,,,,,,,,,,,,,,,,,,,,,,,,,,,,,
,,,,,,,,,,,,,,,,,,,,,,,,,,,,,
,,,,,,,,,,,,,,,,,,,,,,,,,,,,,
,,,,,,,,,,,,,,,,,,,,,,,,,,,,,
,,,,,,,,,,,,,,,,,,,,,,,,,,,,,
,,,,,,,,,,,,,,,,,,,,,,,,,,,,,
,,,,,,,,,,,,,,,,,,,,,,,,,,,,,
,,,,,,,,,,,,,,,,,,,,,,,,,,,,,
,,,,,,,,,,,,,,,,,,,,,,,,,,,,,
,,,,,,,,,,,,,,,,,,,,,,,,,,,,,
,,,,,,,,,,,,,,,,,,,,,,,,,,,,,
,,,,,,,,,,,,,,,,,,,,,,,,,,,,,
,,,,,,,,,,,,,,,,,,,,,,,,,,,,,
,,,,,,,,,,,,,,,,,,,,,,,,,,,,,
,,,,,,,,,,,,,,,,,,,,,,,,,,,,,
,,,,,,,,,,,,,,,,,,,,,,,,,,,,,
,,,,,,,,,,,,,,,,,,,,,,,,,,,,,
,,,,,,,,,,,,,,,,,,,,,,,,,,,,,
,,,,,,,,,,,,,,,,,,,,,,,,,,,,,
,,,,,,,,,,,,,,,,,,,,,,,,,,,,,
,,,,,,,,,,,,,,,,,,,,,,,,,,,,,
,,,,,,,,,,,,,,,,,,,,,,,,,,,,,
,,,,,,,,,,,,,,,,,,,,,,,,,,,,,
,,,,,,,,,,,,,,,,,,,,,,,,,,,,,
,,,,,,,,,,,,,,,,,,,,,,,,,,,,,
,,,,,,,,,,,,,,,,,,,,,,,,,,,,,
,,,,,,,,,,,,,,,,,,,,,,,,,,,,,
,,,,,,,,,,,,,,,,,,,,,,,,,,,,,
,,,,,,,,,,,,,,,,,,,,,,,,,,,,,
,,,,,,,,,,,,,,,,,,,,,,,,,,,,,
,,,,,,,,,,,,,,,,,,,,,,,,,,,,,
,,,,,,,,,,,,,,,,,,,,,,,,,,,,,
,,,,,,,,,,,,,,,,,,,,,,,,,,,,,
,,,,,,,,,,,,,,,,,,,,,,,,,,,,,
,,,,,,,,,,,,,,,,,,,,,,,,,,,,,
,,,,,,,,,,,,,,,,,,,,,,,,,,,,,
,,,,,,,,,,,,,,,,,,,,,,,,,,,,,
,,,,,,,,,,,,,,,,,,,,,,,,,,,,,
,,,,,,,,,,,,,,,,,,,,,,,,,,,,,
,,,,,,,,,,,,,,,,,,,,,,,,,,,,,
,,,,,,,,,,,,,,,,,,,,,,,,,,,,,
,,,,,,,,,,,,,,,,,,,,,,,,,,,,,
,,,,,,,,,,,,,,,,,,,,,,,,,,,,,
,,,,,,,,,,,,,,,,,,,,,,,,,,,,,
,,,,,,,,,,,,,,,,,,,,,,,,,,,,,
,,,,,,,,,,,,,,,,,,,,,,,,,,,,,
,,,,,,,,,,,,,,,,,,,,,,,,,,,,,
,,,,,,,,,,,,,,,,,,,,,,,,,,,,,
,,,,,,,,,,,,,,,,,,,,,,,,,,,,,
,,,,,,,,,,,,,,,,,,,,,,,,,,,,,
,,,,,,,,,,,,,,,,,,,,,,,,,,,,,
,,,,,,,,,,,,,,,,,,,,,,,,,,,,,
,,,,,,,,,,,,,,,,,,,,,,,,,,,,,
,,,,,,,,,,,,,,,,,,,,,,,,,,,,,
,,,,,,,,,,,,,,,,,,,,,,,,,,,,,
,,,,,,,,,,,,,,,,,,,,,,,,,,,,,
,,,,,,,,,,,,,,,,,,,,,,,,,,,,,
,,,,,,,,,,,,,,,,,,,,,,,,,,,,,
,,,,,,,,,,,,,,,,,,,,,,,,,,,,,
,,,,,,,,,,,,,,,,,,,,,,,,,,,,,
,,,,,,,,,,,,,,,,,,,,,,,,,,,,,
,,,,,,,,,,,,,,,,,,,,,,,,,,,,,
,,,,,,,,,,,,,,,,,,,,,,,,,,,,,
,,,,,,,,,,,,,,,,,,,,,,,,,,,,,
,,,,,,,,,,,,,,,,,,,,,,,,,,,,,
,,,,,,,,,,,,,,,,,,,,,,,,,,,,,
,,,,,,,,,,,,,,,,,,,,,,,,,,,,,
,,,,,,,,,,,,,,,,,,,,,,,,,,,,,
,,,,,,,,,,,,,,,,,,,,,,,,,,,,,
,,,,,,,,,,,,,,,,,,,,,,,,,,,,,
,,,,,,,,,,,,,,,,,,,,,,,,,,,,,
,,,,,,,,,,,,,,,,,,,,,,,,,,,,,
,,,,,,,,,,,,,,,,,,,,,,,,,,,,,
,,,,,,,,,,,,,,,,,,,,,,,,,,,,,
,,,,,,,,,,,,,,,,,,,,,,,,,,,,,
,,,,,,,,,,,,,,,,,,,,,,,,,,,,,
,,,,,,,,,,,,,,,,,,,,,,,,,,,,,
,,,,,,,,,,,,,,,,,,,,,,,,,,,,,
,,,,,,,,,,,,,,,,,,,,,,,,,,,,,
,,,,,,,,,,,,,,,,,,,,,,,,,,,,,
,,,,,,,,,,,,,,,,,,,,,,,,,,,,,
,,,,,,,,,,,,,,,,,,,,,,,,,,,,,
,,,,,,,,,,,,,,,,,,,,,,,,,,,,,
,,,,,,,,,,,,,,,,,,,,,,,,,,,,,
,,,,,,,,,,,,,,,,,,,,,,,,,,,,,
,,,,,,,,,,,,,,,,,,,,,,,,,,,,,
,,,,,,,,,,,,,,,,,,,,,,,,,,,,,
,,,,,,,,,,,,,,,,,,,,,,,,,,,,,
,,,,,,,,,,,,,,,,,,,,,,,,,,,,,
,,,,,,,,,,,,,,,,,,,,,,,,,,,,,
,,,,,,,,,,,,,,,,,,,,,,,,,,,,,
,,,,,,,,,,,,,,,,,,,,,,,,,,,,,
,,,,,,,,,,,,,,,,,,,,,,,,,,,,,
,,,,,,,,,,,,,,,,,,,,,,,,,,,,,
,,,,,,,,,,,,,,,,,,,,,,,,,,,,,
,,,,,,,,,,,,,,,,,,,,,,,,,,,,,
,,,,,,,,,,,,,,,,,,,,,,,,,,,,,
,,,,,,,,,,,,,,,,,,,,,,,,,,,,,
,,,,,,,,,,,,,,,,,,,,,,,,,,,,,
,,,,,,,,,,,,,,,,,,,,,,,,,,,,,
,,,,,,,,,,,,,,,,,,,,,,,,,,,,,
,,,,,,,,,,,,,,,,,,,,,,,,,,,,,
,,,,,,,,,,,,,,,,,,,,,,,,,,,,,
,,,,,,,,,,,,,,,,,,,,,,,,,,,,,
,,,,,,,,,,,,,,,,,,,,,,,,,,,,,
,,,,,,,,,,,,,,,,,,,,,,,,,,,,,
,,,,,,,,,,,,,,,,,,,,,,,,,,,,,
,,,,,,,,,,,,,,,,,,,,,,,,,,,,,
,,,,,,,,,,,,,,,,,,,,,,,,,,,,,
,,,,,,,,,,,,,,,,,,,,,,,,,,,,,
,,,,,,,,,,,,,,,,,,,,,,,,,,,,,
,,,,,,,,,,,,,,,,,,,,,,,,,,,,,
,,,,,,,,,,,,,,,,,,,,,,,,,,,,,
,,,,,,,,,,,,,,,,,,,,,,,,,,,,,
,,,,,,,,,,,,,,,,,,,,,,,,,,,,,
,,,,,,,,,,,,,,,,,,,,,,,,,,,,,
,,,,,,,,,,,,,,,,,,,,,,,,,,,,,
,,,,,,,,,,,,,,,,,,,,,,,,,,,,,
,,,,,,,,,,,,,,,,,,,,,,,,,,,,,
,,,,,,,,,,,,,,,,,,,,,,,,,,,,,
,,,,,,,,,,,,,,,,,,,,,,,,,,,,,
,,,,,,,,,,,,,,,,,,,,,,,,,,,,,
,,,,,,,,,,,,,,,,,,,,,,,,,,,,,
,,,,,,,,,,,,,,,,,,,,,,,,,,,,,
,,,,,,,,,,,,,,,,,,,,,,,,,,,,,
,,,,,,,,,,,,,,,,,,,,,,,,,,,,,
,,,,,,,,,,,,,,,,,,,,,,,,,,,,,
,,,,,,,,,,,,,,,,,,,,,,,,,,,,,
,,,,,,,,,,,,,,,,,,,,,,,,,,,,,
,,,,,,,,,,,,,,,,,,,,,,,,,,,,,
,,,,,,,,,,,,,,,,,,,,,,,,,,,,,
,,,,,,,,,,,,,,,,,,,,,,,,,,,,,
,,,,,,,,,,,,,,,,,,,,,,,,,,,,,
,,,,,,,,,,,,,,,,,,,,,,,,,,,,,
,,,,,,,,,,,,,,,,,,,,,,,,,,,,,
,,,,,,,,,,,,,,,,,,,,,,,,,,,,,
,,,,,,,,,,,,,,,,,,,,,,,,,,,,,
,,,,,,,,,,,,,,,,,,,,,,,,,,,,,
,,,,,,,,,,,,,,,,,,,,,,,,,,,,,
,,,,,,,,,,,,,,,,,,,,,,,,,,,,,
,,,,,,,,,,,,,,,,,,,,,,,,,,,,,
,,,,,,,,,,,,,,,,,,,,,,,,,,,,,
,,,,,,,,,,,,,,,,,,,,,,,,,,,,,
,,,,,,,,,,,,,,,,,,,,,,,,,,,,,
,,,,,,,,,,,,,,,,,,,,,,,,,,,,,
,,,,,,,,,,,,,,,,,,,,,,,,,,,,,
,,,,,,,,,,,,,,,,,,,,,,,,,,,,,
,,,,,,,,,,,,,,,,,,,,,,,,,,,,,
,,,,,,,,,,,,,,,,,,,,,,,,,,,,,
,,,,,,,,,,,,,,,,,,,,,,,,,,,,,
,,,,,,,,,,,,,,,,,,,,,,,,,,,,,
,,,,,,,,,,,,,,,,,,,,,,,,,,,,,
,,,,,,,,,,,,,,,,,,,,,,,,,,,,,
,,,,,,,,,,,,,,,,,,,,,,,,,,,,,
,,,,,,,,,,,,,,,,,,,,,,,,,,,,,
,,,,,,,,,,,,,,,,,,,,,,,,,,,,,
,,,,,,,,,,,,,,,,,,,,,,,,,,,,,
,,,,,,,,,,,,,,,,,,,,,,,,,,,,,
,,,,,,,,,,,,,,,,,,,,,,,,,,,,,
,,,,,,,,,,,,,,,,,,,,,,,,,,,,,
,,,,,,,,,,,,,,,,,,,,,,,,,,,,,
,,,,,,,,,,,,,,,,,,,,,,,,,,,,,
,,,,,,,,,,,,,,,,,,,,,,,,,,,,,
,,,,,,,,,,,,,,,,,,,,,,,,,,,,,
,,,,,,,,,,,,,,,,,,,,,,,,,,,,,
,,,,,,,,,,,,,,,,,,,,,,,,,,,,,
,,,,,,,,,,,,,,,,,,,,,,,,,,,,,
,,,,,,,,,,,,,,,,,,,,,,,,,,,,,
,,,,,,,,,,,,,,,,,,,,,,,,,,,,,
,,,,,,,,,,,,,,,,,,,,,,,,,,,,,
,,,,,,,,,,,,,,,,,,,,,,,,,,,,,
,,,,,,,,,,,,,,,,,,,,,,,,,,,,,
,,,,,,,,,,,,,,,,,,,,,,,,,,,,,
,,,,,,,,,,,,,,,,,,,,,,,,,,,,,
,,,,,,,,,,,,,,,,,,,,,,,,,,,,,
,,,,,,,,,,,,,,,,,,,,,,,,,,,,,
,,,,,,,,,,,,,,,,,,,,,,,,,,,,,
,,,,,,,,,,,,,,,,,,,,,,,,,,,,,
,,,,,,,,,,,,,,,,,,,,,,,,,,,,,
,,,,,,,,,,,,,,,,,,,,,,,,,,,,,
,,,,,,,,,,,,,,,,,,,,,,,,,,,,,
,,,,,,,,,,,,,,,,,,,,,,,,,,,,,
,,,,,,,,,,,,,,,,,,,,,,,,,,,,,
,,,,,,,,,,,,,,,,,,,,,,,,,,,,,
,,,,,,,,,,,,,,,,,,,,,,,,,,,,,
,,,,,,,,,,,,,,,,,,,,,,,,,,,,,
,,,,,,,,,,,,,,,,,,,,,,,,,,,,,
,,,,,,,,,,,,,,,,,,,,,,,,,,,,,
,,,,,,,,,,,,,,,,,,,,,,,,,,,,,
,,,,,,,,,,,,,,,,,,,,,,,,,,,,,
,,,,,,,,,,,,,,,,,,,,,,,,,,,,,
,,,,,,,,,,,,,,,,,,,,,,,,,,,,,
,,,,,,,,,,,,,,,,,,,,,,,,,,,,,
,,,,,,,,,,,,,,,,,,,,,,,,,,,,,
,,,,,,,,,,,,,,,,,,,,,,,,,,,,,
,,,,,,,,,,,,,,,,,,,,,,,,,,,,,
,,,,,,,,,,,,,,,,,,,,,,,,,,,,,
,,,,,,,,,,,,,,,,,,,,,,,,,,,,,
,,,,,,,,,,,,,,,,,,,,,,,,,,,,,
,,,,,,,,,,,,,,,,,,,,,,,,,,,,,
,,,,,,,,,,,,,,,,,,,,,,,,,,,,,
,,,,,,,,,,,,,,,,,,,,,,,,,,,,,
,,,,,,,,,,,,,,,,,,,,,,,,,,,,,
,,,,,,,,,,,,,,,,,,,,,,,,,,,,,
,,,,,,,,,,,,,,,,,,,,,,,,,,,,,
,,,,,,,,,,,,,,,,,,,,,,,,,,,,,
,,,,,,,,,,,,,,,,,,,,,,,,,,,,,
,,,,,,,,,,,,,,,,,,,,,,,,,,,,,
,,,,,,,,,,,,,,,,,,,,,,,,,,,,,
,,,,,,,,,,,,,,,,,,,,,,,,,,,,,
,,,,,,,,,,,,,,,,,,,,,,,,,,,,,
,,,,,,,,,,,,,,,,,,,,,,,,,,,,,
,,,,,,,,,,,,,,,,,,,,,,,,,,,,,
,,,,,,,,,,,,,,,,,,,,,,,,,,,,,
,,,,,,,,,,,,,,,,,,,,,,,,,,,,,
,,,,,,,,,,,,,,,,,,,,,,,,,,,,,
,,,,,,,,,,,,,,,,,,,,,,,,,,,,,
,,,,,,,,,,,,,,,,,,,,,,,,,,,,,
,,,,,,,,,,,,,,,,,,,,,,,,,,,,,
,,,,,,,,,,,,,,,,,,,,,,,,,,,,,
,,,,,,,,,,,,,,,,,,,,,,,,,,,,,
,,,,,,,,,,,,,,,,,,,,,,,,,,,,,
,,,,,,,,,,,,,,,,,,,,,,,,,,,,,
,,,,,,,,,,,,,,,,,,,,,,,,,,,,,
,,,,,,,,,,,,,,,,,,,,,,,,,,,,,
,,,,,,,,,,,,,,,,,,,,,,,,,,,,,
,,,,,,,,,,,,,,,,,,,,,,,,,,,,,
,,,,,,,,,,,,,,,,,,,,,,,,,,,,,
,,,,,,,,,,,,,,,,,,,,,,,,,,,,,
,,,,,,,,,,,,,,,,,,,,,,,,,,,,,
,,,,,,,,,,,,,,,,,,,,,,,,,,,,,
,,,,,,,,,,,,,,,,,,,,,,,,,,,,,
,,,,,,,,,,,,,,,,,,,,,,,,,,,,,
,,,,,,,,,,,,,,,,,,,,,,,,,,,,,
,,,,,,,,,,,,,,,,,,,,,,,,,,,,,
,,,,,,,,,,,,,,,,,,,,,,,,,,,,,
,,,,,,,,,,,,,,,,,,,,,,,,,,,,,
,,,,,,,,,,,,,,,,,,,,,,,,,,,,,
,,,,,,,,,,,,,,,,,,,,,,,,,,,,,
,,,,,,,,,,,,,,,,,,,,,,,,,,,,,
,,,,,,,,,,,,,,,,,,,,,,,,,,,,,
,,,,,,,,,,,,,,,,,,,,,,,,,,,,,
,,,,,,,,,,,,,,,,,,,,,,,,,,,,,
,,,,,,,,,,,,,,,,,,,,,,,,,,,,,
,,,,,,,,,,,,,,,,,,,,,,,,,,,,,
,,,,,,,,,,,,,,,,,,,,,,,,,,,,,
,,,,,,,,,,,,,,,,,,,,,,,,,,,,,
,,,,,,,,,,,,,,,,,,,,,,,,,,,,,
,,,,,,,,,,,,,,,,,,,,,,,,,,,,,
,,,,,,,,,,,,,,,,,,,,,,,,,,,,,
,,,,,,,,,,,,,,,,,,,,,,,,,,,,,
,,,,,,,,,,,,,,,,,,,,,,,,,,,,,
,,,,,,,,,,,,,,,,,,,,,,,,,,,,,
,,,,,,,,,,,,,,,,,,,,,,,,,,,,,
,,,,,,,,,,,,,,,,,,,,,,,,,,,,,
,,,,,,,,,,,,,,,,,,,,,,,,,,,,,
,,,,,,,,,,,,,,,,,,,,,,,,,,,,,
,,,,,,,,,,,,,,,,,,,,,,,,,,,,,
,,,,,,,,,,,,,,,,,,,,,,,,,,,,,
,,,,,,,,,,,,,,,,,,,,,,,,,,,,,
,,,,,,,,,,,,,,,,,,,,,,,,,,,,,
,,,,,,,,,,,,,,,,,,,,,,,,,,,,,
,,,,,,,,,,,,,,,,,,,,,,,,,,,,,
,,,,,,,,,,,,,,,,,,,,,,,,,,,,,
,,,,,,,,,,,,,,,,,,,,,,,,,,,,,
,,,,,,,,,,,,,,,,,,,,,,,,,,,,,
,,,,,,,,,,,,,,,,,,,,,,,,,,,,,
,,,,,,,,,,,,,,,,,,,,,,,,,,,,,
,,,,,,,,,,,,,,,,,,,,,,,,,,,,,
,,,,,,,,,,,,,,,,,,,,,,,,,,,,,
,,,,,,,,,,,,,,,,,,,,,,,,,,,,,
,,,,,,,,,,,,,,,,,,,,,,,,,,,,,
,,,,,,,,,,,,,,,,,,,,,,,,,,,,,
,,,,,,,,,,,,,,,,,,,,,,,,,,,,,
,,,,,,,,,,,,,,,,,,,,,,,,,,,,,
,,,,,,,,,,,,,,,,,,,,,,,,,,,,,
,,,,,,,,,,,,,,,,,,,,,,,,,,,,,
,,,,,,,,,,,,,,,,,,,,,,,,,,,,,
,,,,,,,,,,,,,,,,,,,,,,,,,,,,,
,,,,,,,,,,,,,,,,,,,,,,,,,,,,,
,,,,,,,,,,,,,,,,,,,,,,,,,,,,,
,,,,,,,,,,,,,,,,,,,,,,,,,,,,,
,,,,,,,,,,,,,,,,,,,,,,,,,,,,,
,,,,,,,,,,,,,,,,,,,,,,,,,,,,,
,,,,,,,,,,,,,,,,,,,,,,,,,,,,,
,,,,,,,,,,,,,,,,,,,,,,,,,,,,,
,,,,,,,,,,,,,,,,,,,,,,,,,,,,,
,,,,,,,,,,,,,,,,,,,,,,,,,,,,,
,,,,,,,,,,,,,,,,,,,,,,,,,,,,,
,,,,,,,,,,,,,,,,,,,,,,,,,,,,,
,,,,,,,,,,,,,,,,,,,,,,,,,,,,,
,,,,,,,,,,,,,,,,,,,,,,,,,,,,,
,,,,,,,,,,,,,,,,,,,,,,,,,,,,,
,,,,,,,,,,,,,,,,,,,,,,,,,,,,,
,,,,,,,,,,,,,,,,,,,,,,,,,,,,,
,,,,,,,,,,,,,,,,,,,,,,,,,,,,,
,,,,,,,,,,,,,,,,,,,,,,,,,,,,,
,,,,,,,,,,,,,,,,,,,,,,,,,,,,,
,,,,,,,,,,,,,,,,,,,,,,,,,,,,,
,,,,,,,,,,,,,,,,,,,,,,,,,,,,,
,,,,,,,,,,,,,,,,,,,,,,,,,,,,,
,,,,,,,,,,,,,,,,,,,,,,,,,,,,,
,,,,,,,,,,,,,,,,,,,,,,,,,,,,,
,,,,,,,,,,,,,,,,,,,,,,,,,,,,,
,,,,,,,,,,,,,,,,,,,,,,,,,,,,,
,,,,,,,,,,,,,,,,,,,,,,,,,,,,,
,,,,,,,,,,,,,,,,,,,,,,,,,,,,,
,,,,,,,,,,,,,,,,,,,,,,,,,,,,,
,,,,,,,,,,,,,,,,,,,,,,,,,,,,,
,,,,,,,,,,,,,,,,,,,,,,,,,,,,,
,,,,,,,,,,,,,,,,,,,,,,,,,,,,,
,,,,,,,,,,,,,,,,,,,,,,,,,,,,,
,,,,,,,,,,,,,,,,,,,,,,,,,,,,,
,,,,,,,,,,,,,,,,,,,,,,,,,,,,,
,,,,,,,,,,,,,,,,,,,,,,,,,,,,,
,,,,,,,,,,,,,,,,,,,,,,,,,,,,,
,,,,,,,,,,,,,,,,,,,,,,,,,,,,,
,,,,,,,,,,,,,,,,,,,,,,,,,,,,,
,,,,,,,,,,,,,,,,,,,,,,,,,,,,,
,,,,,,,,,,,,,,,,,,,,,,,,,,,,,
,,,,,,,,,,,,,,,,,,,,,,,,,,,,,
,,,,,,,,,,,,,,,,,,,,,,,,,,,,,
,,,,,,,,,,,,,,,,,,,,,,,,,,,,,
,,,,,,,,,,,,,,,,,,,,,,,,,,,,,
,,,,,,,,,,,,,,,,,,,,,,,,,,,,,
,,,,,,,,,,,,,,,,,,,,,,,,,,,,,
,,,,,,,,,,,,,,,,,,,,,,,,,,,,,
,,,,,,,,,,,,,,,,,,,,,,,,,,,,,
,,,,,,,,,,,,,,,,,,,,,,,,,,,,,
,,,,,,,,,,,,,,,,,,,,,,,,,,,,,
,,,,,,,,,,,,,,,,,,,,,,,,,,,,,
,,,,,,,,,,,,,,,,,,,,,,,,,,,,,
,,,,,,,,,,,,,,,,,,,,,,,,,,,,,
,,,,,,,,,,,,,,,,,,,,,,,,,,,,,
,,,,,,,,,,,,,,,,,,,,,,,,,,,,,
,,,,,,,,,,,,,,,,,,,,,,,,,,,,,
,,,,,,,,,,,,,,,,,,,,,,,,,,,,,
,,,,,,,,,,,,,,,,,,,,,,,,,,,,,
,,,,,,,,,,,,,,,,,,,,,,,,,,,,,
,,,,,,,,,,,,,,,,,,,,,,,,,,,,,
,,,,,,,,,,,,,,,,,,,,,,,,,,,,,
,,,,,,,,,,,,,,,,,,,,,,,,,,,,,
,,,,,,,,,,,,,,,,,,,,,,,,,,,,,
,,,,,,,,,,,,,,,,,,,,,,,,,,,,,
,,,,,,,,,,,,,,,,,,,,,,,,,,,,,
,,,,,,,,,,,,,,,,,,,,,,,,,,,,,
,,,,,,,,,,,,,,,,,,,,,,,,,,,,,
,,,,,,,,,,,,,,,,,,,,,,,,,,,,,
,,,,,,,,,,,,,,,,,,,,,,,,,,,,,
,,,,,,,,,,,,,,,,,,,,,,,,,,,,,
,,,,,,,,,,,,,,,,,,,,,,,,,,,,,
,,,,,,,,,,,,,,,,,,,,,,,,,,,,,
,,,,,,,,,,,,,,,,,,,,,,,,,,,,,
,,,,,,,,,,,,,,,,,,,,,,,,,,,,,
,,,,,,,,,,,,,,,,,,,,,,,,,,,,,
